CHS ID,CHS Pickup Loc,CHS Return Loc,CHS Pickup Date,Actual CHS Return Dt,CHS Return Dt,CHS pickup MCO,CTR Trip MCO,Customer,O Customer,CHS Trip Id,CTR Trip Id,CTR Trip Pattern,DC Loc,CTR pick Dt,CTR Return Dt,CTR Trip Hrs,CTR Pickup Term,CTR Return Term,CHS Trip Hrs,CTR Trip Loc Type Pattern,On Street Count,Total CTR Trips
AIMZ200034,LAXCSN,LAXCSN,2/7/25 7:21,2/10/25 12:16,,"THBJ,SCJH","THBJ,SCJH",ABCD,ABCD,1421894,24555031,"LA - ITS PIER G,LA - DCM FLEET (MILLERGROVE SFS),LA - DAMCO (SANTA FE SPR),LA - DCM FLEET (MILLERGROVE SFS),LA - PIER S MAIN YARD,LA - FLEXIVAN SVC CTR",LA - DAMCO (SANTA FE SPR),2/7/25 18:14,2/10/25 20:14,74,LA - ITS PIER G,LA - FLEXIVAN SVC CTR,77,"MT,TY,DC,TY,TY,DP",7553,1
AIMZ200115,LAXCSN,LAXAIM,1/21/25 17:52,2/10/25 9:13,,RDDH,RDDH,ABCD,ABCD,1402905,24507503,"LA - ITS PIER G,LA - JCP DC - BUENA PARK,LA - PT DENKER,LA - TRAPAC",LA - JCP DC - BUENA PARK,2/4/25 8:32,2/10/25 16:52,152,LA - ITS PIER G,LA - TRAPAC,471,"MT,DC,TY,MT",8287,3
AIMZ200115,LAXCSN,LAXAIM,1/21/25 17:52,2/10/25 9:13,,RDDH,RDDH,ABCD,ABCD,1402905,24428517,"LA - ITS PIER G,LA - JCP DC - BUENA PARK,LA - ITS PIER G",LA - JCP DC - BUENA PARK,1/29/25 8:04,2/4/25 3:54,140,LA - ITS PIER G,LA - ITS PIER G,471,"MT,DC,MT",8287,3
AIMZ200115,LAXCSN,LAXAIM,1/21/25 17:52,2/10/25 9:13,,RDDH,RDDH,ABCD,ABCD,1402905,24257604,"LA - SSA PIER J,LA - PIER S AMAZON YARD,LA - PIER S MAIN YARD,LA - DCM FLEET (MILLERGROVE SFS),LA - DAMCO (SANTA FE SPR),LA - DCM FLEET (MILLERGROVE SFS),LA - PIER S AMAZON YARD,LA - PIER S MAIN YARD,LA - GGS",LA - DAMCO (SANTA FE SPR),1/22/25 5:26,1/28/25 9:32,148,LA - SSA PIER J,LA - GGS,471,"MT,TY,TY,TY,DC,TY,TY,TY,MT",8287,3
AIMZ200119,LAXAIM,LAXCSN,2/6/25 7:36,2/10/25 12:27,,"THBJ,SCJH","THBJ,SCJH",ABCD,ABCD,1420603,24540074,"LA - ITS PIER G,LA - DCM FLEET (MILLERGROVE SFS),LA - DAMCO (SANTA FE SPR),LA - DCM FLEET (MILLERGROVE SFS),LA - PIER S AMAZON YARD,LA - PIER S MAIN YARD,LA - PIER S AMAZON YARD,LA - PIER S MAIN YARD,LA - FLEXIVAN SVC CTR",LA - DAMCO (SANTA FE SPR),2/6/25 17:23,2/10/25 20:25,99,LA - ITS PIER G,LA - FLEXIVAN SVC CTR,101,"MT,TY,DC,TY,TY,TY,TY,TY,DP",7514,1
AIMZ200423,LAXCSN,LAXCSN,10/31/24 14:23,2/10/25 7:50,,KGXN,RDDH,ABCD,ABCD,1387890,23307325,"LA - APMT:P400,LA - DCM FLEET (MILLERGROVE SFS),LA - PIER S MAIN YARD,LA - DCM FLEET (MILLERGROVE SFS),LA - DAMCO (SANTA FE SPR),LA - DCM FLEET (MILLERGROVE SFS),LA - PIER S MAIN YARD,LA - APMT:P400",LA - DAMCO (SANTA FE SPR),12/17/24 7:24,2/8/25 17:29,1282,LA - APMT:P400,LA - APMT:P400,2441,"MT,TY,TY,TY,DC,TY,TY,MT",13185,4
AIMZ200423,LAXCSN,LAXCSN,10/31/24 14:23,2/10/25 7:50,,KGXN,RDDH,ABCD,ABCD,1387890,22351971,"LA - APMT:P400,LA - W BROADWAY PARKING (LONG BEACH),LA - DCM FLEET (MILLERGROVE SFS),LA - DAMCO (SANTA FE SPR),LA - DCM FLEET (MILLERGROVE SFS),LA - PIER S MAIN YARD,LA - APMT:P400",LA - DAMCO (SANTA FE SPR),10/31/24 23:51,12/13/24 16:11,1024,LA - APMT:P400,LA - APMT:P400,2441,"MT,TY,TY,DC,TY,TY,MT",13185,4
AIMZ200423,LAXCSN,LAXCSN,10/31/24 14:23,2/10/25 7:50,,KGXN,RDDH,ABCD,ABCD,1387890,23222611,"LA - APMT:P400,LA - DCM FLEET (MILLERGROVE SFS),LA - DAMCO (SANTA FE SPR),LA - DAMCO (SANTA FE SPR),LA - DCM FLEET (MILLERGROVE SFS),LA - APMT:P400",LA - DAMCO (SANTA FE SPR),12/13/24 17:02,12/17/24 6:29,85,LA - APMT:P400,LA - APMT:P400,2441,"MT,TY,DC,DC,TY,MT",13185,4
AIMZ200423,LAXCSN,LAXCSN,10/31/24 14:23,2/10/25 7:50,,KGXN,RDDH,ABCD,ABCD,1387890,24568858,"LA - APMT:P400,LA - PAC ANCHOR(WILMINGTON),LA - TRAPAC",LA - PAC ANCHOR(WILMINGTON),2/8/25 18:16,2/10/25 14:59,45,LA - APMT:P400,LA - TRAPAC,2441,"MT,TY,MT",13185,4
AIMZ200638,LAXCSN,LAXCSN,9/10/24 20:03,2/10/25 7:33,,KGXN,RDDH,ABCD,ABCD,1386248,24568866,"LA - APMT:P400,LA - PAC ANCHOR(WILMINGTON),LA - TRAPAC",LA - PAC ANCHOR(WILMINGTON),2/8/25 17:26,2/10/25 15:04,46,LA - APMT:P400,LA - TRAPAC,3659,"MT,TY,MT",8079,4
AIMZ200638,LAXCSN,LAXCSN,9/10/24 20:03,2/10/25 7:33,,KGXN,RDDH,ABCD,ABCD,1386248,20471672,"LA - APMT:P400,LA - TAYLORED TY (WTN),LA - DCM FLEET (MILLERGROVE SFS),LA - DAMCO (SANTA FE SPR),LA - DCM FLEET (MILLERGROVE SFS),LA - PIER S AMAZON YARD,LA - PIER S MAIN YARD,LA - APMT:P400",LA - DAMCO (SANTA FE SPR),9/11/24 5:09,10/6/24 1:56,597,LA - APMT:P400,LA - APMT:P400,3659,"MT,TY,TY,DC,TY,TY,TY,MT",8079,4
AIMZ200638,LAXCSN,LAXCSN,9/10/24 20:03,2/10/25 7:33,,KGXN,RDDH,ABCD,ABCD,1386248,23196389,"LA - APMT:P400,LA - PIER S MAIN YARD,CA - MARS PETCARE (REDLANDS),LA - PT B18,LA - PIER S MAIN YARD,LA - PIER S AMAZON YARD,LA - APMT:P400",CA - MARS PETCARE (REDLANDS),12/12/24 23:39,2/8/25 16:33,1385,LA - APMT:P400,LA - APMT:P400,3659,"MT,TY,DC,TY,TY,TY,MT",8079,4
AIMZ200638,LAXCSN,LAXCSN,9/10/24 20:03,2/10/25 7:33,,KGXN,RDDH,ABCD,ABCD,1386248,21251917,"LA - SSA PIER J,LA - PIER S MAIN YARD,LA - DCM FLEET (MILLERGROVE SFS),LA - DAMCO (SANTA FE SPR),LA - DCM FLEET (MILLERGROVE SFS),LA - PIER S MAIN YARD,LA - GGS",LA - DAMCO (SANTA FE SPR),10/16/24 16:01,12/10/24 7:29,1311,LA - SSA PIER J,LA - GGS,3659,"MT,TY,TY,DC,TY,TY,MT",8079,4
AIMZ200639,LAXCSN,LAXCSN,11/7/24 12:43,2/10/25 7:46,,KGXN,RDDH,ABCD,ABCD,1385787,24568867,"LA - APMT:P400,LA - PAC ANCHOR(WILMINGTON),LA - TRAPAC",LA - PAC ANCHOR(WILMINGTON),2/8/25 16:29,2/10/25 14:49,46,LA - APMT:P400,LA - TRAPAC,2275,"MT,TY,MT",13367,3
AIMZ200639,LAXCSN,LAXCSN,11/7/24 12:43,2/10/25 7:46,,KGXN,RDDH,ABCD,ABCD,1385787,22537204,"LA - ITS PIER G,LA - PIER S MAIN YARD,LA - DCM FLEET (MILLERGROVE SFS),LA - DAMCO (SANTA FE SPR),LA - DCM FLEET (MILLERGROVE SFS),LA - HARBOR GRAIN TERMINAL (LONG BEACH),LA - TAYLORED TY (WTN),LA - APMT:P400",LA - DAMCO (SANTA FE SPR),11/7/24 23:19,12/13/24 21:55,863,LA - ITS PIER G,LA - APMT:P400,2275,"MT,TY,TY,DC,TY,TY,TY,MT",13367,3
AIMZ200639,LAXCSN,LAXCSN,11/7/24 12:43,2/10/25 7:46,,KGXN,RDDH,ABCD,ABCD,1385787,23222674,"LA - APMT:P400,LA - PIER S AMAZON YARD,LA - PIER S MAIN YARD,CA - MARS PETCARE (REDLANDS),LA - PT B18,LA - PIER S MAIN YARD,LA - PIER S AMAZON YARD,LA - APMT:P400",CA - MARS PETCARE (REDLANDS),12/13/24 22:54,2/8/25 16:02,1361,LA - APMT:P400,LA - APMT:P400,2275,"MT,TY,TY,DC,TY,TY,TY,MT",13367,3
AIMZ200814,LAXCSN,LAXCSN,1/27/25 18:18,2/10/25 14:13,,RELY,RELY,ABCD,ABCD,1407970,24397953,"LA - WBCT,LA - PIER S MAIN YARD,LA - PIER S AMAZON YARD,LA - AMAZON ONT2 (CENTRAL AVE  SB),LA - PIER S MAIN YARD,LA - TRAPAC",LA - AMAZON ONT2 (CENTRAL AVE  SB),1/28/25 8:45,2/10/25 19:24,323,LA - WBCT,LA - TRAPAC,332,"MT,TY,TY,DC,TY,MT",8495,1
AIMZ200900,LAXAIM,LAXCSN,12/13/24 23:19,2/10/25 8:48,,KGXN,RDDH,ABCD,ABCD,1386564,23249894,"LA - APMT:P400,LA - DCM FLEET (MILLERGROVE SFS),LA - DAMCO (SANTA FE SPR),LA - DCM FLEET (MILLERGROVE SFS),LA - PIER S AMAZON YARD,LA - PIER S MAIN YARD,LA - PIER S AMAZON YARD,LA - PIER S MAIN YARD,LA - PIER S AMAZON YARD,LA - APMT:P400",LA - DAMCO (SANTA FE SPR),12/14/24 9:48,12/27/24 3:44,306,LA - APMT:P400,LA - APMT:P400,1401,"MT,TY,DC,TY,TY,TY,TY,TY,TY,MT",12188,2
AIMZ200900,LAXAIM,LAXCSN,12/13/24 23:19,2/10/25 8:48,,KGXN,RDDH,ABCD,ABCD,1386564,23497628,"LA - APMT:P400,LA - PIER S MAIN YARD,LA - PIER S AMAZON YARD,LA - PIER S MAIN YARD,LA - DAMCO (SANTA FE SPR),LA - DCM FLEET (MILLERGROVE SFS),LA - PIER S AMAZON YARD,LA - PIER S MAIN YARD,LA - PAC ANCHOR(WILMINGTON),LA - TRAPAC",LA - DAMCO (SANTA FE SPR),12/27/24 4:35,2/10/25 15:29,1091,LA - APMT:P400,LA - TRAPAC,1401,"MT,TY,TY,TY,DC,TY,TY,TY,TY,MT",12188,2
AIMZ211754,LAXCSN,LAXCSN,12/5/24 12:39,2/10/25 19:22,,KGXN,RDDH,ABCD,ABCD,1386568,23038800,"LA - WBCT,LA - TAYLORED TY (WTN),LA - DCM FLEET (MILLERGROVE SFS),LA - DAMCO (SANTA FE SPR),LA - DCM FLEET (MILLERGROVE SFS),LA - PIER S MAIN YARD,LA - APMT:P400",LA - DAMCO (SANTA FE SPR),12/5/24 22:29,12/13/24 22:24,192,LA - WBCT,LA - APMT:P400,1615,"MT,TY,TY,DC,TY,TY,MT",12864,1
AIMZ400616,LAXCSN,LAXCSN,12/6/24 12:29,2/11/25 14:07,,RDDH,RDDH,ABCD,ABCD,1373346,23932303,"LA - TRAPAC,LA - PIER S AMAZON YARD,LA - PIER S MAIN YARD,LA - DCM FLEET (MILLERGROVE SFS),LA - DAMCO (SANTA FE SPR),LA - DCM FLEET (MILLERGROVE SFS),LA - NFI EDISON LOT (LONG BEACH),LA - TAYLORED TY (WTN),LA - TRAPAC",LA - DAMCO (SANTA FE SPR),1/11/25 18:41,2/7/25 19:09,648,LA - TRAPAC,LA - TRAPAC,1610,"MT,TY,TY,TY,DC,TY,TY,TY,MT",12647,2
AIMZ400616,LAXCSN,LAXCSN,12/6/24 12:29,2/11/25 14:07,,RDDH,RDDH,ABCD,ABCD,1373346,23067397,"LA - TRAPAC,LA - TAYLORED TY (WTN),LA - DCM FLEET (MILLERGROVE SFS),LA - DAMCO (SANTA FE SPR),LA - DCM FLEET (MILLERGROVE SFS),LA - PIER S AMAZON YARD,LA - PIER S MAIN YARD,LA - PIER S AMAZON YARD,LA - PIER S MAIN YARD,LA - TRAPAC",LA - DAMCO (SANTA FE SPR),12/6/24 21:29,1/11/25 15:49,858,LA - TRAPAC,LA - TRAPAC,1610,"MT,TY,TY,DC,TY,TY,TY,TY,TY,MT",12647,2
AIMZ401192,LAXAIM,LAXAIM,1/22/25 7:36,2/10/25 20:25,,IMTA,IMTA,ABCD,ABCD,1403224,24287935,"LA - HANJIN TTI,LA - PIER S MAIN YARD,LA - AMAZON REDLANDS ONT9 (SAN BERNARDINO AVE),LA - PIER S MAIN YARD,LA - PIER S MAIN YARD,LA - WBCT",LA - AMAZON REDLANDS ONT9 (SAN BERNARDINO AVE),1/22/25 16:19,2/4/25 3:39,299,LA - HANJIN TTI,LA - WBCT,469,"MT,TY,DC,TY,TY,MT",8365,2
AIMZ401192,LAXAIM,LAXAIM,1/22/25 7:36,2/10/25 20:25,,IMTA,IMTA,ABCD,ABCD,1403224,24508654,"LA - WBCT,LA - PIER S AMAZON YARD,LA - PIER S MAIN YARD,LA - RIDGE SAN BERNARDINO ONE,LA - AMAZON (GLENN HALEN OSY),LA - RIDGE SAN BERNARDINO ONE,LA - AMAZON (GLENN HALEN OSY),LA - PIER S MAIN YARD,LA - WBCT",LA - RIDGE SAN BERNARDINO ONE,2/4/25 7:44,2/11/25 3:49,164,LA - WBCT,LA - WBCT,469,"MT,TY,TY,DC,TY,DC,TY,TY,MT",8365,2
AIMZ401356,LAXCSN,LAXCSN,11/27/24 18:51,2/10/25 21:36,,RDDH,RDDH,ABCD,ABCD,1367399,22898804,"LA - TRAPAC,LA - NAVY WAY TY (SAN PEDRO),LA - PIER S AMAZON YARD,LA - PIER S MAIN YARD,LA - DCM FLEET (MILLERGROVE SFS),LA - DAMCO (SANTA FE SPR),LA - DCM FLEET (MILLERGROVE SFS),LA - PIER S MAIN YARD,LA - PIER S AMAZON YARD,LA - PIER S MAIN YARD,LA - TRAPAC",LA - DAMCO (SANTA FE SPR),11/28/24 4:33,1/10/25 17:48,1045,LA - TRAPAC,LA - TRAPAC,1803,"MT,TY,TY,TY,TY,DC,TY,TY,TY,TY,MT",13240,2
AIMZ401356,LAXCSN,LAXCSN,11/27/24 18:51,2/10/25 21:36,,RDDH,RDDH,ABCD,ABCD,1367399,23902843,"LA - TRAPAC,LA - PIER S MAIN YARD,LA - PIER S AMAZON YARD,LA - PIER S MAIN YARD,LA - PIER S AMAZON YARD,LA - PIER S MAIN YARD,LA - PIER S AMAZON YARD,LA - PIER S MAIN YARD,LA - PIER S AMAZON YARD,LA - PIER S MAIN YARD,LA - PIER S AMAZON YARD,LA - PIER S MAIN YARD,LA - PIER S AMAZON YARD,LA - PIER S MAIN YARD,LA - PIER S AMAZON YARD,LA - PIER S MAIN YARD,LA - PIER S AMAZON YARD,LA - PIER S MAIN YARD,LA - PIER S AMAZON YARD,LA - PIER S MAIN YARD,LA - PIER S AMAZON YARD,LA - PIER S MAIN YARD,LA - PIER S AMAZON YARD,LA - DCM FLEET (MILLERGROVE SFS),LA - DAMCO (SANTA FE SPR),LA - DCM FLEET (MILLERGROVE SFS),LA - PIER S MAIN YARD,LA - WBCT",LA - DAMCO (SANTA FE SPR),1/10/25 18:03,2/11/25 4:54,755,LA - TRAPAC,LA - WBCT,1803,"MT,TY,TY,TY,TY,TY,TY,TY,TY,TY,TY,TY,TY,TY,TY,TY,TY,TY,TY,TY,TY,TY,TY,TY,DC,TY,TY,MT",13240,2
AIMZ402691,LAXAIM,LAXCSN,10/24/24 13:44,2/10/25 12:10,,KGXN,RDDH,ABCD,ABCD,1385803,21867580,"LA - APMT:P400,LA - DCM FLEET (MILLERGROVE SFS),LA - FCCH MAILING SERVICES(NEAR 3022 VAIL AVE.),LA - DAMCO (SANTA FE SPR),LA - DCM FLEET (MILLERGROVE SFS),LA - TAYLORED TY (WTN),LA - HANJIN TTI",LA - DAMCO (SANTA FE SPR),10/24/24 22:27,12/13/24 19:06,1197,LA - APMT:P400,LA - HANJIN TTI,2614,"MT,TY,DC,DC,TY,TY,MT",12915,2
AIMZ402691,LAXAIM,LAXCSN,10/24/24 13:44,2/10/25 12:10,,KGXN,RDDH,ABCD,ABCD,1385803,23250077,"LA - ITS PIER G,LA - PIER S MAIN YARD,LA - PIER S AMAZON YARD,CA - MARS PETCARE (REDLANDS),LA - PT B18,LA - PIER S AMAZON YARD,LA - PIER S MAIN YARD,LA - FLEXIVAN SVC CTR",CA - MARS PETCARE (REDLANDS),12/13/24 23:39,2/10/25 20:13,1413,LA - ITS PIER G,LA - FLEXIVAN SVC CTR,2614,"MT,TY,TY,DC,TY,TY,TY,DP",12915,2
AIMZ402900,LAXCSN,LAXCSN,1/28/25 11:02,2/10/25 17:15,,ESLU,ESLU,ABCD,ABCD,1408725,24399150,"LA - HANJIN TTI,LA - PIER S MAIN YARD,LA - AMAZON IUSP (HESPERIA),LA - PIER S AMAZON YARD,LA - PIER S MAIN YARD,LA - HANJIN TTI",LA - AMAZON IUSP (HESPERIA),1/28/25 19:44,2/10/25 23:15,316,LA - HANJIN TTI,LA - HANJIN TTI,318,"MT,TY,DC,TY,TY,MT",8497,1
AIMZ403240,LAXCSN,LAXAIM,2/5/25 17:09,2/10/25 13:01,,RELY,RELY,ABCD,ABCD,1420220,24525000,"LA - APMT:P400,LA - PIER S AMAZON YARD,LA - PIER S MAIN YARD,LA - AMAZON IUSP (HESPERIA),LA - AMAZON POC1 (FONTANA),LA - PIER S AMAZON YARD,LA - PIER S MAIN YARD,LA - HANJIN TTI",LA - AMAZON IUSP (HESPERIA),2/6/25 3:52,2/10/25 19:22,111,LA - APMT:P400,LA - HANJIN TTI,116,"MT,TY,TY,DC,DC,TY,TY,MT",7655,1
AIMZ403421,LAXAIM,LAXCSN,2/6/25 8:02,2/10/25 12:09,,"THBJ,SCJH","THBJ,SCJH",ABCD,ABCD,1420656,24541203,"LA - ITS PIER G,LA - DCM FLEET (MILLERGROVE SFS),LA - DAMCO (SANTA FE SPR),LA - DCM FLEET (MILLERGROVE SFS),LA - PIER S MAIN YARD,LA - FLEXIVAN SVC CTR",LA - DAMCO (SANTA FE SPR),2/6/25 18:20,2/10/25 20:07,98,LA - ITS PIER G,LA - FLEXIVAN SVC CTR,100,"MT,TY,DC,TY,TY,DP",7514,1
AIMZ403605,LAXAIM,LAXAIM,1/28/25 17:10,2/10/25 19:23,,RELY,RELY,ABCD,ABCD,1409316,24399271,"LA - SSA PIER J,LA - PIER S AMAZON YARD,LA - PIER S MAIN YARD,LA - DCM FLEET (MILLERGROVE SFS),LA - DAMCO (SANTA FE SPR),LA - DCM FLEET (MILLERGROVE SFS),LA - PIER S MAIN YARD,LA - PIER S AMAZON YARD,LA - GGS",LA - DAMCO (SANTA FE SPR),1/29/25 4:15,2/11/25 2:58,311,LA - SSA PIER J,LA - GGS,314,"MT,TY,TY,TY,DC,TY,TY,TY,MT",8497,1
AIMZ403670,LAXCSN,LAXAIM,1/30/25 0:09,2/10/25 15:34,,WNOS,WNOS,ABCD,ABCD,1410749,24541245,"LA - SSA PIER A,LA - PIER S AMAZON YARD,LA - PIER S MAIN YARD,LA - CONGLOBAL WILMINGTON,LA - AIM DEPOT",LA - CONGLOBAL WILMINGTON,2/7/25 2:22,2/10/25 23:36,93,LA - SSA PIER A,LA - AIM DEPOT,279,"MT,TY,TY,TY,DP",8397,3
AIMZ403670,LAXCSN,LAXAIM,1/30/25 0:09,2/10/25 15:34,,WNOS,WNOS,ABCD,ABCD,1410749,24446974,"LA - ITS PIER G,LA - DCM FLEET (MILLERGROVE SFS),LA - DAMCO (SANTA FE SPR),LA - DCM FLEET (MILLERGROVE SFS),LA - PIER S MAIN YARD,LA - PIER S AMAZON YARD,LA - SSA PIER A",LA - DAMCO (SANTA FE SPR),1/30/25 18:42,2/7/25 2:17,176,LA - ITS PIER G,LA - SSA PIER A,279,"MT,TY,DC,TY,TY,TY,MT",8397,3
AIMZ403670,LAXCSN,LAXAIM,1/30/25 0:09,2/10/25 15:34,,WNOS,WNOS,ABCD,ABCD,1410749,24446973,"LA - ITS PIER G,LA - MAXWAY FREIGHT SYSTEMS(CARSON),LA - ITS PIER G",LA - MAXWAY FREIGHT SYSTEMS(CARSON),1/30/25 9:34,1/30/25 17:51,8,LA - ITS PIER G,LA - ITS PIER G,279,"MT,DC,MT",8397,3
AIMZ403677,LAXCSN,LGBPST,1/30/25 11:47,2/11/25 0:23,,"THBJ,SCJH","THBJ,SCJH",ABCD,ABCD,1411443,24541247,"LA - APMT:P400,LA - DCM FLEET (MILLERGROVE SFS),LA - DAMCO (SANTA FE SPR),LA - DCM FLEET (MILLERGROVE SFS),LA - APMT:P400",LA - DAMCO (SANTA FE SPR),2/6/25 19:18,2/7/25 18:52,24,LA - APMT:P400,LA - APMT:P400,277,"MT,TY,DC,TY,MT",8397,2
AIMZ403677,LAXCSN,LGBPST,1/30/25 11:47,2/11/25 0:23,,"THBJ,SCJH","THBJ,SCJH",ABCD,ABCD,1411443,24446977,"LA - EVERGREEN,LA - PIER S MAIN YARD,LA - PIER S AMAZON YARD,LA - RIDGE SAN BERNARDINO ONE,LA - AMAZON (GLENN HALEN OSY),LA - RIDGE SAN BERNARDINO ONE,LA - AMAZON (GLENN HALEN OSY),LA - APMT:P400",LA - RIDGE SAN BERNARDINO ONE,1/30/25 20:46,2/6/25 18:11,165,LA - EVERGREEN,LA - APMT:P400,277,"MT,TY,TY,DC,TY,DC,TY,MT",8397,2
AIMZ404216,LAXCSN,LAXCSN,9/25/24 11:26,2/10/25 11:46,,RDDH,RDDH,ABCD,ABCD,1316720,23367364,"LA - ITS PIER G,LA - PIER S MAIN YARD,LA - PIER S AMAZON YARD,LA - DCM FLEET (MILLERGROVE SFS),LA - DAMCO (SANTA FE SPR),LA - DCM FLEET (MILLERGROVE SFS),LA - PIER S AMAZON YARD,LA - PIER S MAIN YARD,LA - TRAPAC",LA - DAMCO (SANTA FE SPR),12/19/24 18:58,1/9/25 3:39,489,LA - ITS PIER G,LA - TRAPAC,3312,"MT,TY,TY,TY,DC,TY,TY,TY,MT",9417,3
AIMZ404216,LAXCSN,LAXCSN,9/25/24 11:26,2/10/25 11:46,,RDDH,RDDH,ABCD,ABCD,1316720,23842138,"LA - TRAPAC,LA - DAMCO (SANTA FE SPR),LA - DCM FLEET (MILLERGROVE SFS),LA - TAYLORED TY (WTN),LA - PIER S AMAZON YARD,LA - PIER S MAIN YARD,LA - AMAZON XLX7 (VICTORVILLE),LA - PIER S AMAZON YARD,LA - PIER S MAIN YARD,LA - FLEXIVAN SVC CTR",LA - DAMCO (SANTA FE SPR),1/9/25 5:39,2/10/25 19:42,782,LA - TRAPAC,LA - FLEXIVAN SVC CTR,3312,"MT,DC,TY,TY,TY,TY,DC,TY,TY,DP",9417,3
AIMZ404216,LAXCSN,LAXCSN,9/25/24 11:26,2/10/25 11:46,,RDDH,RDDH,ABCD,ABCD,1316720,20910002,"LA - FLEXIVAN SVC CTR,LA - PIER S MAIN YARD,LA - DCM FLEET (MILLERGROVE SFS),LA - DAMCO (SANTA FE SPR),LA - DCM FLEET (MILLERGROVE SFS),LA - PIER S AMAZON YARD,LA - PIER S MAIN YARD,LA - ITS PIER G",LA - DAMCO (SANTA FE SPR),9/25/24 18:30,12/19/24 18:08,2040,LA - FLEXIVAN SVC CTR,LA - ITS PIER G,3312,"DP,TY,TY,DC,TY,TY,TY,MT",9417,3
AIMZ404340,LAXAIM,LAXAIM,1/27/25 18:18,2/10/25 20:28,,IMTA,IMTA,ABCD,ABCD,1407969,24373041,"LA - WBCT,LA - DCM FLEET (MILLERGROVE SFS),LA - DAMCO (SANTA FE SPR),LA - DCM FLEET (MILLERGROVE SFS),LA - PIER S AMAZON YARD,LA - PIER S MAIN YARD,LA - WBCT",LA - DAMCO (SANTA FE SPR),1/28/25 4:01,2/11/25 3:57,336,LA - WBCT,LA - WBCT,338,"MT,TY,DC,TY,TY,TY,MT",8495,1
AIMZ404444,LAXCSN,LAXCSN,1/7/25 9:07,2/10/25 18:30,,ESLU,ESLU,ABCD,ABCD,1413120,24447142,"LA - APMT:P400,LA - UNIVERSAL WHSE,LA - AMAZON IUSP (HESPERIA),LA - PIER S MAIN YARD,LA - HANJIN TTI",LA - UNIVERSAL WHSE,1/31/25 2:59,2/11/25 1:11,262,LA - APMT:P400,LA - HANJIN TTI,825,"MT,DC,DC,TY,MT",10020,3
AIMZ404444,LAXCSN,LAXCSN,1/7/25 9:07,2/10/25 18:30,,ESLU,ESLU,ABCD,ABCD,1413120,23963348,"LA - TRAPAC,LA - UNIVERSAL WHSE,LA - TRAPAC",LA - UNIVERSAL WHSE,1/13/25 21:44,1/25/25 15:29,282,LA - TRAPAC,LA - TRAPAC,825,"MT,DC,MT",10020,3
AIMZ404444,LAXCSN,LAXCSN,1/7/25 9:07,2/10/25 18:30,,ESLU,ESLU,ABCD,ABCD,1413120,23842170,"LA - HANJIN TTI,LA - UNIVERSAL WHSE,LA - APMT:P400",LA - UNIVERSAL WHSE,1/7/25 18:33,1/13/25 18:14,144,LA - HANJIN TTI,LA - APMT:P400,825,"MT,DC,MT",10020,3
AIMZ404598,LAXCSN,LAXAIM,1/22/25 19:17,2/11/25 17:19,,RELY,RELY,ABCD,ABCD,1403974,24316155,"LA - ICTF(UP),LA - PIER S MAIN YARD,LA - PIER S AMAZON YARD,LA - AMAZON ONT2 (CENTRAL AVE  SB),LA - AMAZON XIX2,LA - PIER S AMAZON YARD,LA - PIER S MAIN YARD,LA - NAVY WAY TY (SAN PEDRO),LA - WBCT",LA - AMAZON ONT2 (CENTRAL AVE  SB),1/23/25 15:20,2/3/25 23:29,272,LA - ICTF(UP),LA - WBCT,478,"RY,TY,TY,DC,DC,TY,TY,TY,MT",8365,2
AIMZ404598,LAXCSN,LAXAIM,1/22/25 19:17,2/11/25 17:19,,RELY,RELY,ABCD,ABCD,1403974,24316154,"LA - APMT:P400,LA - ICTF(UP)",,1/23/25 15:00,1/23/25 15:15,0,LA - APMT:P400,LA - ICTF(UP),478,"MT,RY",8365,2
AIMZ404871,LAXCSN,LAXCSN,1/9/25 10:21,2/10/25 19:00,,RELY,RELY,ABCD,ABCD,1393928,24258945,"LA - APMT:P400,LA - PIER S AMAZON YARD,LA - PIER S MAIN YARD,LA - RIDGE SAN BERNARDINO ONE,LA - AMAZON (GLENN HALEN OSY),LA - RIDGE SAN BERNARDINO ONE,LA - AMAZON (GLENN HALEN OSY),LA - PIER S MAIN YARD,LA - HANJIN TTI",LA - RIDGE SAN BERNARDINO ONE,1/22/25 3:02,1/30/25 22:31,211,LA - APMT:P400,LA - HANJIN TTI,777,"MT,TY,TY,DC,TY,DC,TY,TY,MT",9678,4
AIMZ404871,LAXCSN,LAXCSN,1/9/25 10:21,2/10/25 19:00,,RELY,RELY,ABCD,ABCD,1393928,24447214,"LA - HANJIN TTI,LA - PIER S MAIN YARD,LA - HANJIN TTI",LA - PIER S MAIN YARD,1/30/25 22:41,1/30/25 23:16,1,LA - HANJIN TTI,LA - HANJIN TTI,777,"MT,TY,MT",9678,4
AIMZ404871,LAXCSN,LAXCSN,1/9/25 10:21,2/10/25 19:00,,RELY,RELY,ABCD,ABCD,1393928,24447216,"LA - TRAPAC,LA - PIER S AMAZON YARD,LA - DCM FLEET (MILLERGROVE SFS),LA - DAMCO (SANTA FE SPR),LA - DCM FLEET (MILLERGROVE SFS),LA - PIER S MAIN YARD,LA - TRAPAC",LA - DAMCO (SANTA FE SPR),1/31/25 0:36,2/11/25 1:07,265,LA - TRAPAC,LA - TRAPAC,777,"MT,TY,TY,DC,TY,TY,MT",9678,4
AIMZ404871,LAXCSN,LAXCSN,1/9/25 10:21,2/10/25 19:00,,RELY,RELY,ABCD,ABCD,1393928,23874277,"LA - APMT:P400,LA - PIER S MAIN YARD,LA - PIER S AMAZON YARD,LA - RIDGE SAN BERNARDINO ONE,LA - AMAZON (GLENN HALEN OSY),LA - RIDGE SAN BERNARDINO ONE,LA - AMAZON (GLENN HALEN OSY),LA - PIER S AMAZON YARD,LA - PIER S MAIN YARD,LA - APMT:P400",LA - RIDGE SAN BERNARDINO ONE,1/9/25 21:03,1/22/25 2:22,293,LA - APMT:P400,LA - APMT:P400,777,"MT,TY,TY,DC,TY,DC,TY,TY,TY,MT",9678,4
AIMZ405187,LAXAIM,LAXAIM,2/3/25 14:16,2/10/25 16:15,,RELY,RELY,ABCD,ABCD,1414481,24494307,"LA - WBCT,LA - PIER S AMAZON YARD,LA - PIER S MAIN YARD,LA - AMAZON IXD SBD1 (BLOOMINGTON),LA - PIER S MAIN YARD,LA - PIER S AMAZON YARD,LA - PIER S MAIN YARD,LA - TRAPAC",LA - AMAZON IXD SBD1 (BLOOMINGTON),2/4/25 2:15,2/10/25 23:19,165,LA - WBCT,LA - TRAPAC,170,"MT,TY,TY,DC,TY,TY,TY,MT",7921,1
AIMZ405410,LAXCSN,LAXCSN,1/23/25 21:51,2/10/25 17:11,,RELY,RELY,ABCD,ABCD,1405295,24316299,"LA - APMT:P400,LA - PIER S AMAZON YARD,LA - PIER S MAIN YARD,LA - AMAZON ONT2 (CENTRAL AVE  SB),LA - AMAZON XIX2,LA - PIER S MAIN YARD,LA - TRAPAC",LA - AMAZON ONT2 (CENTRAL AVE  SB),1/24/25 7:14,2/11/25 0:31,425,LA - APMT:P400,LA - TRAPAC,427,"MT,TY,TY,DC,DC,TY,MT",8419,1
AIMZ405443,LAXCSN,LAXCSN,1/23/25 17:08,2/10/25 16:27,,RELY,RELY,ABCD,ABCD,1405131,24335693,"LA - APMT:P400,LA - PIER S AMAZON YARD,LA - PIER S MAIN YARD,LA - AMAZON ONT2 (CENTRAL AVE  SB),LA - AMAZON XIX2,LA - AMAZON ONT2 (CENTRAL AVE  SB),LA - PIER S AMAZON YARD,LA - PIER S MAIN YARD,LA - TRAPAC",LA - AMAZON ONT2 (CENTRAL AVE  SB),1/25/25 6:03,2/11/25 0:07,402,LA - APMT:P400,LA - TRAPAC,431,"MT,TY,TY,DC,DC,DC,TY,TY,MT",8419,1
AIMZ405449,LAXCSN,LAXCSN,1/27/25 18:51,2/10/25 16:51,,RELY,RELY,ABCD,ABCD,1407995,24373195,"LA - ITS PIER G,LA - PIER S MAIN YARD,LA - AMAZON IUSP (HESPERIA),LA - PIER S MAIN YARD,LA - FLEXIVAN SVC CTR",LA - AMAZON IUSP (HESPERIA),1/28/25 4:38,2/11/25 1:39,333,LA - ITS PIER G,LA - FLEXIVAN SVC CTR,334,"MT,TY,DC,TY,DP",8495,1
AIMZ405582,LAXAIM,LAXAIM,1/8/25 13:06,2/11/25 15:57,,ESLU,ESLU,ABCD,ABCD,1393171,23842364,"LA - HANJIN TTI,LA - PIER S MAIN YARD,LA - PIER S MAIN YARD,LA - USF DISTRIBUTION (FONTANA),CA - AMAZON WH KRB7 (BEAUMONT),LA - PIER S AMAZON YARD,LA - PIER S MAIN YARD,LA - HANJIN TTI",LA - USF DISTRIBUTION (FONTANA),1/8/25 22:37,2/6/25 1:28,675,LA - HANJIN TTI,LA - HANJIN TTI,819,"MT,TY,TY,DC,DC,TY,TY,MT",9872,1
AIMZ405729,LAXAIM,LAXCSN,1/22/25 13:42,2/10/25 16:11,,RELY,RELY,ABCD,ABCD,1403704,24288503,"LA - APMT:P400,LA - PIER S MAIN YARD,LA - RIDGE SAN BERNARDINO ONE,LA - AMAZON (GLENN HALEN OSY),LA - RIDGE SAN BERNARDINO ONE,LA - AMAZON (GLENN HALEN OSY),LA - PIER S AMAZON YARD,LA - PIER S MAIN YARD,LA - PIER S AMAZON YARD,LA - AFFORDABLE MOVERS (LYNWOOD),LA - WBCT",LA - RIDGE SAN BERNARDINO ONE,1/22/25 23:39,2/4/25 1:44,290,LA - APMT:P400,LA - WBCT,458,"MT,TY,DC,TY,DC,TY,TY,TY,TY,TY,MT",8365,2
AIMZ405729,LAXAIM,LAXCSN,1/22/25 13:42,2/10/25 16:11,,RELY,RELY,ABCD,ABCD,1403704,24494378,"LA - WBCT,LA - PIER S MAIN YARD,LA - AMAZON IXD SBD1 (BLOOMINGTON),LA - RIALTO FULFILLMENT CENTER (BLOOMINGTON),LA - AMAZON IXD SBD1 (BLOOMINGTON),LA - RIALTO FULFILLMENT CENTER (BLOOMINGTON),LA - AMAZON IXD SBD1 (BLOOMINGTON),LA - RIALTO FULFILLMENT CENTER (BLOOMINGTON),LA - PIER S MAIN YARD,LA - PIER S AMAZON YARD,LA - TRAPAC",LA - AMAZON IXD SBD1 (BLOOMINGTON),2/4/25 2:29,2/10/25 22:46,164,LA - WBCT,LA - TRAPAC,458,"MT,TY,DC,DC,DC,DC,DC,DC,TY,TY,MT",8365,2
AIMZ405993,LAXCSN,LAXAIM,1/9/25 12:01,2/11/25 13:59,,RELY,RELY,ABCD,ABCD,1394065,23874431,"LA - APMT:P400,LA - PIER S MAIN YARD,LA - RIDGE SAN BERNARDINO ONE,LA - AMAZON (GLENN HALEN OSY),LA - RIDGE SAN BERNARDINO ONE,LA - AMAZON (GLENN HALEN OSY),LA - PIER S MAIN YARD,LA - ITS PIER G",LA - RIDGE SAN BERNARDINO ONE,1/9/25 22:23,1/14/25 5:40,103,LA - APMT:P400,LA - ITS PIER G,794,"MT,TY,DC,TY,DC,TY,TY,MT",9678,5
AIMZ405993,LAXCSN,LAXAIM,1/9/25 12:01,2/11/25 13:59,,RELY,RELY,ABCD,ABCD,1394065,24086695,"LA - APMT:P400,LA - PIER S AMAZON YARD,LA - PIER S MAIN YARD,LA - AMAZON ONT2 (CENTRAL AVE  SB),LA - AMAZON XIX2,LA - AMAZON ONT2 (CENTRAL AVE  SB),LA - PIER S AMAZON YARD,LA - PIER S MAIN YARD,LA - WBCT",LA - AMAZON ONT2 (CENTRAL AVE  SB),1/17/25 7:00,2/4/25 1:54,427,LA - APMT:P400,LA - WBCT,794,"MT,TY,TY,DC,DC,DC,TY,TY,MT",9678,5
AIMZ405993,LAXCSN,LAXAIM,1/9/25 12:01,2/11/25 13:59,,RELY,RELY,ABCD,ABCD,1394065,23963549,"LA - ITS PIER G,LA - PIER S AMAZON YARD,LA - PIER S MAIN YARD,LA - HANJIN TTI",LA - PIER S MAIN YARD,1/14/25 7:02,1/17/25 4:52,70,LA - ITS PIER G,LA - HANJIN TTI,794,"MT,TY,TY,MT",9678,5
AIMZ405993,LAXCSN,LAXAIM,1/9/25 12:01,2/11/25 13:59,,RELY,RELY,ABCD,ABCD,1394065,23874428,"LA - HANJIN TTI,LA - ICTF(UP)",,1/9/25 18:19,1/9/25 18:31,0,LA - HANJIN TTI,LA - ICTF(UP),794,"MT,RY",9678,5
AIMZ405993,LAXCSN,LAXAIM,1/9/25 12:01,2/11/25 13:59,,RELY,RELY,ABCD,ABCD,1394065,23874429,"LA - ICTF(UP),LA - FLEXIVAN SVC CTR",,1/9/25 19:26,1/9/25 19:28,0,LA - ICTF(UP),LA - FLEXIVAN SVC CTR,794,"RY,DP",9678,5
AIMZ406107,LAXAIM,LAXAIM,2/3/25 20:25,2/10/25 17:56,,RELY,RELY,ABCD,ABCD,1414729,24494436,"LA - WBCT,LA - PIER S AMAZON YARD,LA - PIER S MAIN YARD,LA - AMAZON IXD SBD1 (BLOOMINGTON),LA - RIALTO FULFILLMENT CENTER (BLOOMINGTON),LA - AMAZON IXD SBD1 (BLOOMINGTON),LA - PIER S AMAZON YARD,LA - PIER S MAIN YARD,LA - PIER S AMAZON YARD,LA - TRAPAC",LA - AMAZON IXD SBD1 (BLOOMINGTON),2/4/25 7:50,2/11/25 0:47,161,LA - WBCT,LA - TRAPAC,166,"MT,TY,TY,DC,DC,DC,TY,TY,TY,MT",7921,1
AIMZ406159,LAXCSN,LAXCSN,1/6/25 17:01,2/11/25 2:03,,YXDR,YXDR,ABCD,ABCD,1391592,24399712,"LA - APMT:P400,LA - PIER S MAIN YARD,LA - DCM FLEET (MILLERGROVE SFS),LA - DAMCO (SANTA FE SPR),LA - DCM FLEET (MILLERGROVE SFS),LA - APMT:P400",LA - DAMCO (SANTA FE SPR),1/28/25 15:44,2/4/25 9:09,161,LA - APMT:P400,LA - APMT:P400,849,"MT,TY,TY,DC,TY,MT",10135,4
AIMZ406159,LAXCSN,LAXCSN,1/6/25 17:01,2/11/25 2:03,,YXDR,YXDR,ABCD,ABCD,1391592,24509306,"LA - APMT:P400,LA - LINCOLN TRANSPORTATION SERVICES (CARSON),LA - GGS",LA - LINCOLN TRANSPORTATION SERVICES (CARSON),2/4/25 9:36,2/4/25 15:19,6,LA - APMT:P400,LA - GGS,849,"MT,DC,MT",10135,4
AIMZ406159,LAXCSN,LAXCSN,1/6/25 17:01,2/11/25 2:03,,YXDR,YXDR,ABCD,ABCD,1391592,24316429,"LA - APMT:P400,LA - DCM FLEET (MILLERGROVE SFS),LA - DAMCO (SANTA FE SPR),LA - DCM FLEET (MILLERGROVE SFS),LA - LINCOLN TRK SATELLITE YARD,LA - LINCOLN TRANSPORTATION SERVICES (CARSON),LA - APMT:P400",LA - DAMCO (SANTA FE SPR),1/24/25 6:16,1/28/25 15:06,105,LA - APMT:P400,LA - APMT:P400,849,"MT,TY,DC,TY,TY,DC,MT",10135,4
AIMZ406159,LAXCSN,LAXCSN,1/6/25 17:01,2/11/25 2:03,,YXDR,YXDR,ABCD,ABCD,1391592,23782553,"LA - HANJIN TTI,LA - PIER S AMAZON YARD,LA - PIER S MAIN YARD,LA - DCM FLEET (MILLERGROVE SFS),LA - DAMCO (SANTA FE SPR),LA - DCM FLEET (MILLERGROVE SFS),LA - PIER S MAIN YARD,LA - APMT:P400",LA - DAMCO (SANTA FE SPR),1/7/25 2:14,1/24/25 5:11,411,LA - HANJIN TTI,LA - APMT:P400,849,"MT,TY,TY,TY,DC,TY,TY,MT",10135,4
AIMZ410502,LAXCSN,LAXCSN,2/3/25 8:04,2/10/25 17:30,,RELY,RELY,ABCD,ABCD,1413693,24494756,"LA - APMT:P400,LA - PIER S MAIN YARD,LA - RIDGE SAN BERNARDINO ONE,LA - AMAZON (GLENN HALEN OSY),LA - PIER S AMAZON YARD,LA - PIER S MAIN YARD,LA - APMT:P400",LA - RIDGE SAN BERNARDINO ONE,2/3/25 18:59,2/10/25 23:40,173,LA - APMT:P400,LA - APMT:P400,177,"MT,TY,DC,TY,TY,TY,MT",7921,1
AIMZ410509,LAXAIM,LAXAIM,2/3/25 18:05,2/10/25 23:10,,ESLU,ESLU,ABCD,ABCD,1414655,24494759,"LA - SSA PIER J,LA - PIER S MAIN YARD,CA - AMAZON WH KRB7 (BEAUMONT),LA - PIER S MAIN YARD,LA - PIER S AMAZON YARD,LA - GGS",CA - AMAZON WH KRB7 (BEAUMONT),2/4/25 2:49,2/11/25 6:49,172,LA - SSA PIER J,LA - GGS,173,"MT,TY,DC,TY,TY,MT",7921,1
AIMZ470195,LAXAIM,LAXAIM,1/21/25 20:21,2/11/25 14:26,,IMTA,IMTA,ABCD,ABCD,1402977,24259555,"LA - HANJIN TTI,LA - PIER S AMAZON YARD,LA - PIER S MAIN YARD,LA - AMAZON IUSP (HESPERIA),LA - TARGET FOOD (RIALTO),LA - PIER S AMAZON YARD,LA - PIER S MAIN YARD,LA - PIER S AMAZON YARD,LA - APMT:P400",LA - AMAZON IUSP (HESPERIA),1/22/25 4:59,1/25/25 6:45,74,LA - HANJIN TTI,LA - APMT:P400,498,"MT,TY,TY,DC,DC,TY,TY,TY,MT",8287,1
AIMZ471517,LAXCSN,LAXAIM,1/30/25 7:04,2/10/25 7:54,,RELY,RELY,ABCD,ABCD,1410888,24447957,"LA - APMT:P400,LA - PIER S MAIN YARD,LA - AMAZON ONT2 (CENTRAL AVE  SB),LA - AMAZON XIX2,LA - PIER S AMAZON YARD,LA - PIER S MAIN YARD,LA - HANJIN TTI",LA - AMAZON ONT2 (CENTRAL AVE  SB),1/30/25 16:23,2/9/25 21:50,245,LA - APMT:P400,LA - HANJIN TTI,265,"MT,TY,DC,DC,TY,TY,MT",8397,1
AIMZ471957,LAXCSN,LAXCSN,2/6/25 7:50,2/10/25 12:45,,"THBJ,SCJH","THBJ,SCJH",ABCD,ABCD,1420631,24542047,"LA - ITS PIER G,LA - DCM FLEET (MILLERGROVE SFS),LA - DAMCO (SANTA FE SPR),LA - DCM FLEET (MILLERGROVE SFS),LA - PIER S MAIN YARD,LA - FLEXIVAN SVC CTR",LA - DAMCO (SANTA FE SPR),2/6/25 18:33,2/10/25 20:45,98,LA - ITS PIER G,LA - FLEXIVAN SVC CTR,101,"MT,TY,DC,TY,TY,DP",7514,1
AIMZ472056,LAXCSN,LAXAIM,2/3/25 19:04,2/10/25 19:09,,RELY,RELY,ABCD,ABCD,1414694,24494969,"LA - WBCT,LA - PIER S MAIN YARD,LA - RIDGE SAN BERNARDINO ONE,LA - AMAZON (GLENN HALEN OSY),LA - RIDGE SAN BERNARDINO ONE,LA - W BROADWAY PARKING (LONG BEACH),LA - PIER S MAIN YARD,LA - TRAPAC",LA - RIDGE SAN BERNARDINO ONE,2/4/25 4:44,2/11/25 1:49,165,LA - WBCT,LA - TRAPAC,168,"MT,TY,DC,TY,DC,TY,TY,MT",7921,1
AIMZ472116,LAXCSN,LAXAIM,1/16/25 18:33,2/10/25 23:47,,YXDR,YXDR,ABCD,ABCD,1399531,24288994,"LA - ITS PIER G,LA - PIER S AMAZON YARD,LA - PIER S MAIN YARD,LA - LAMPS PLUS (REDLANDS),LA - PIER S MAIN YARD,LA - SA RECYCLING (SAN PEDRO),LA - ITS PIER G",LA - LAMPS PLUS (REDLANDS),1/22/25 16:43,2/11/25 5:49,469,LA - ITS PIER G,LA - ITS PIER G,605,"MT,TY,TY,DC,TY,DC,MT",8983,2
AIMZ472116,LAXCSN,LAXAIM,1/16/25 18:33,2/10/25 23:47,,YXDR,YXDR,ABCD,ABCD,1399531,24087401,"LA - FLEXIVAN SVC CTR,LA - MID LANE TRUCK YARD,LA - DCM FLEET (MILLERGROVE SFS),LA - DAMCO (SANTA FE SPR),LA - DCM FLEET (MILLERGROVE SFS),LA - PIER S MAIN YARD,LA - PIER S AMAZON YARD,LA - PIER S MAIN YARD,LA - TRAPAC",LA - DAMCO (SANTA FE SPR),1/17/25 2:39,1/17/25 22:11,20,LA - FLEXIVAN SVC CTR,LA - TRAPAC,605,"DP,TY,TY,DC,TY,TY,TY,TY,MT",8983,2
AIMZ474904,LAXCSN,LAXCSN,2/3/25 11:57,2/10/25 17:57,,KGXN,RELY,ABCD,ABCD,1418313,24495107,"LA - WBCT,LA - PIER S AMAZON YARD,LA - PIER S MAIN YARD,LA - AMAZON IUSP (HESPERIA),LA - PIER S AMAZON YARD,LA - PIER S MAIN YARD,LA - TRAPAC",LA - AMAZON IUSP (HESPERIA),2/3/25 22:58,2/11/25 0:09,169,LA - WBCT,LA - TRAPAC,174,"MT,TY,TY,DC,TY,TY,MT",7921,1
AIMZ474906,LAXAIM,LAXAIM,1/15/25 19:53,2/10/25 13:24,,RELY,RELY,ABCD,ABCD,1398502,24042081,"LA - APMT:P400,LA - PIER S AMAZON YARD,LA - PIER S MAIN YARD,LA - AMAZON REDLANDS ONT9 (SAN BERNARDINO AVE),LA - PIER S MAIN YARD,LA - NAVY WAY TY (SAN PEDRO),LA - SNUGTOP (LONG BEACH),LA - APMT:P400",LA - AMAZON REDLANDS ONT9 (SAN BERNARDINO AVE),1/16/25 4:51,1/22/25 20:20,159,LA - APMT:P400,LA - APMT:P400,618,"MT,TY,TY,DC,TY,TY,TY,MT",9031,3
AIMZ474906,LAXAIM,LAXAIM,1/15/25 19:53,2/10/25 13:24,,RELY,RELY,ABCD,ABCD,1398502,24510009,"LA - WBCT,LA - PIER S AMAZON YARD,LA - PIER S MAIN YARD,LA - AMAZON IXD SBD1 (BLOOMINGTON),LA - RIALTO FULFILLMENT CENTER (BLOOMINGTON),LA - AMAZON IXD SBD1 (BLOOMINGTON),LA - PIER S MAIN YARD,LA - TRAPAC",LA - AMAZON IXD SBD1 (BLOOMINGTON),2/5/25 2:23,2/10/25 20:04,138,LA - WBCT,LA - TRAPAC,618,"MT,TY,TY,DC,DC,DC,TY,MT",9031,3
AIMZ474906,LAXAIM,LAXAIM,1/15/25 19:53,2/10/25 13:24,,RELY,RELY,ABCD,ABCD,1398502,24289151,"LA - APMT:P400,LA - PIER S MAIN YARD,LA - PIER S AMAZON YARD,LA - PIER S MAIN YARD,LA - AMAZON IUSP (HESPERIA),LA - AMAZON IUSP (HESPERIA),LA - AMAZON IUSP (HESPERIA),LA - PIER S MAIN YARD,LA - HANJIN TTI",LA - AMAZON IUSP (HESPERIA),1/22/25 22:05,2/4/25 23:38,314,LA - APMT:P400,LA - HANJIN TTI,618,"MT,TY,TY,TY,DC,DC,DC,TY,MT",9031,3
AIMZ475650,LAXCSN,LAXCSN,1/27/25 8:33,2/11/25 12:01,,RELY,RELY,ABCD,ABCD,1407103,24373798,"LA - APMT:P400,LA - PIER S MAIN YARD,LA - AMAZON IUSP (HESPERIA),LA - PIER S AMAZON YARD,LA - PIER S MAIN YARD,LA - LBCT PIER E",LA - AMAZON IUSP (HESPERIA),1/27/25 17:46,2/5/25 5:53,204,LA - APMT:P400,LA - LBCT PIER E,363,"MT,TY,DC,TY,TY,MT",8495,1
AIMZ475777,LAXAIM,LAXCSN,1/14/25 13:39,2/10/25 12:27,,"THBJ,SCJH","THBJ,SCJH",ABCD,ABCD,1397155,24430940,"LA - HANJIN TTI,LA - CA ST EXPRESS (SOUTHGATE),LA - DCM FLEET (MILLERGROVE SFS),LA - DAMCO (SANTA FE SPR),LA - DAMCO (SANTA FE SPR),LA - DCM FLEET (MILLERGROVE SFS),LA - PIER S MAIN YARD,LA - HANJIN TTI",LA - DAMCO (SANTA FE SPR),1/29/25 18:33,2/6/25 3:22,177,LA - HANJIN TTI,LA - HANJIN TTI,647,"MT,TY,TY,DC,DC,TY,TY,MT",8989,4
AIMZ475777,LAXAIM,LAXCSN,1/14/25 13:39,2/10/25 12:27,,"THBJ,SCJH","THBJ,SCJH",ABCD,ABCD,1397155,24194678,"LA - APMT:P400,LA - DCM FLEET (MILLERGROVE SFS),LA - DAMCO (SANTA FE SPR),LA - DCM FLEET (MILLERGROVE SFS),LA - PIER S MAIN YARD,LA - HANJIN TTI",LA - DAMCO (SANTA FE SPR),1/18/25 19:26,1/29/25 17:58,263,LA - APMT:P400,LA - HANJIN TTI,647,"MT,TY,DC,TY,TY,MT",8989,4
AIMZ475777,LAXAIM,LAXCSN,1/14/25 13:39,2/10/25 12:27,,"THBJ,SCJH","THBJ,SCJH",ABCD,ABCD,1397155,24526337,"LA - HANJIN TTI,LA - DCM FLEET (MILLERGROVE SFS),LA - PIER S MAIN YARD,LA - AMAZON (GLENN HALEN OSY),LA - RIDGE SAN BERNARDINO ONE,LA - AMAZON (GLENN HALEN OSY),LA - APMT:P400",LA - RIDGE SAN BERNARDINO ONE,2/6/25 4:53,2/10/25 17:58,109,LA - HANJIN TTI,LA - APMT:P400,647,"MT,TY,TY,TY,DC,TY,MT",8989,4
AIMZ475777,LAXAIM,LAXCSN,1/14/25 13:39,2/10/25 12:27,,"THBJ,SCJH","THBJ,SCJH",ABCD,ABCD,1397155,24005131,"LA - EVERGREEN,LA - PIER S MAIN YARD,LA - PIER S AMAZON YARD,LA - PIER S MAIN YARD,LA - BURLINGTON (REDLANDS) - PALMETTO,LA - PT B18,LA - PIER S MAIN YARD,LA - APMT:P400",LA - BURLINGTON (REDLANDS) - PALMETTO,1/14/25 22:09,1/18/25 19:18,93,LA - EVERGREEN,LA - APMT:P400,647,"MT,TY,TY,TY,DC,TY,TY,MT",8989,4
AIMZ475825,LAXCSN,LAXCSN,10/10/24 0:14,2/10/25 14:20,,YXDR,YXDR,ABCD,ABCD,1329576,22418192,"LA - HANJIN TTI,LA - MID LANE TRUCK YARD,LA - MID LANE TRUCK YARD,LA - RIDGE SAN BERNARDINO ONE,LA - AMAZON (GLENN HALEN OSY),LA - RIDGE SAN BERNARDINO ONE,LA - RIDGE SAN BERNARDINO ONE,LA - AMAZON (GLENN HALEN OSY),LA - UPLA",LA - RIDGE SAN BERNARDINO ONE,10/10/24 7:49,10/22/24 22:09,302,LA - HANJIN TTI,LA - UPLA,2966,"MT,TY,TY,DC,TY,DC,DC,TY,RY",11673,7
AIMZ475825,LAXCSN,LAXCSN,10/10/24 0:14,2/10/25 14:20,,YXDR,YXDR,ABCD,ABCD,1329576,22418188,"LA - EVERGREEN,LA - GATED LOT NEXT TO EVER PORT (SAN PEDRO),LA - FLEXIVAN SVC CTR",LA - GATED LOT NEXT TO EVER PORT (SAN PEDRO),10/10/24 4:36,10/10/24 5:19,1,LA - EVERGREEN,LA - FLEXIVAN SVC CTR,2966,"MT,TY,DP",11673,7
AIMZ475825,LAXCSN,LAXCSN,10/10/24 0:14,2/10/25 14:20,,YXDR,YXDR,ABCD,ABCD,1329576,22418194,"LA - HANJIN TTI,LA - PIER S MAIN YARD,LA - DCM FLEET (MILLERGROVE SFS),LA - PIER S AMAZON YARD,LA - PIER S MAIN YARD,LA - DCM FLEET (MILLERGROVE SFS),LA - DAMCO (SANTA FE SPR),LA - DAMCO (SANTA FE SPR),LA - DCM FLEET (MILLERGROVE SFS),LA - ROADEX CONGLOBAL (CARSON),LA - CONGLOBAL (WILMINGTON) SATELLITE YARD,LA - HANJIN TTI",LA - DAMCO (SANTA FE SPR),10/23/24 16:08,12/22/24 20:54,1445,LA - HANJIN TTI,LA - HANJIN TTI,2966,"MT,TY,TY,TY,TY,TY,DC,DC,TY,TY,TY,MT",11673,7
AIMZ475825,LAXCSN,LAXCSN,10/10/24 0:14,2/10/25 14:20,,YXDR,YXDR,ABCD,ABCD,1329576,23932870,"LA - APMT:P400,LA - LINCOLN TRANSPORTATION SERVICES (CARSON),LA - LINCOLN TRK SATELLITE YARD,LA - GGS",LA - LINCOLN TRANSPORTATION SERVICES (CARSON),1/11/25 10:38,1/13/25 15:08,53,LA - APMT:P400,LA - GGS,2966,"MT,DC,TY,MT",11673,7
AIMZ475825,LAXCSN,LAXCSN,10/10/24 0:14,2/10/25 14:20,,YXDR,YXDR,ABCD,ABCD,1329576,23964406,"LA - GGS,LA - PIER S MAIN YARD,CA - MARS PETCARE (REDLANDS),LA - PT B18,LA - PIER S MAIN YARD,LA - VALUE TRANSPORTATION (WILMINGTON),LA - TRUCK STOP (NEAR 720 E F ST.),LA - WIND TRANSPORT (WILMINGTON),LA - GGS",CA - MARS PETCARE (REDLANDS),1/13/25 15:54,1/28/25 19:49,364,LA - GGS,LA - GGS,2966,"MT,TY,DC,TY,TY,TY,TY,TY,MT",11673,7
AIMZ475825,LAXCSN,LAXCSN,10/10/24 0:14,2/10/25 14:20,,YXDR,YXDR,ABCD,ABCD,1329576,24400804,"LA - ITS PIER G,LA - DCM FLEET (MILLERGROVE SFS),LA - DAMCO (SANTA FE SPR),LA - DCM FLEET (MILLERGROVE SFS),LA - LINCOLN TRK SATELLITE YARD,LA - SA RECYCLING (SAN PEDRO),LA - MID LANE TRUCK YARD,LA - ITS PIER G",LA - DAMCO (SANTA FE SPR),1/28/25 23:23,2/10/25 21:44,310,LA - ITS PIER G,LA - ITS PIER G,2966,"MT,TY,DC,TY,TY,DC,TY,MT",11673,7
AIMZ475825,LAXCSN,LAXCSN,10/10/24 0:14,2/10/25 14:20,,YXDR,YXDR,ABCD,ABCD,1329576,22418193,"LA - UPLA,LA - MID LANE TRUCK YARD,LA - HANJIN TTI",LA - MID LANE TRUCK YARD,10/22/24 22:14,10/23/24 14:46,17,LA - UPLA,LA - HANJIN TTI,2966,"RY,TY,MT",11673,7
AIMZ475936,LAXCSN,LAXAIM,1/21/25 0:42,2/11/25 16:31,,IMTA,IMTA,ABCD,ABCD,1401684,24260078,"LA - ITS PIER G,LA - DCM FLEET (MILLERGROVE SFS),LA - DAMCO (SANTA FE SPR),LA - DCM FLEET (MILLERGROVE SFS),LA - PIER S MAIN YARD,LA - WBCT",LA - DAMCO (SANTA FE SPR),1/21/25 10:11,1/28/25 8:34,166,LA - ITS PIER G,LA - WBCT,520,"MT,TY,DC,TY,TY,MT",8287,1
AIMZ476019,LAXCSN,LAXCSN,1/21/25 12:19,2/11/25 10:17,,IMTA,IMTA,ABCD,ABCD,1402511,24260090,"LA - HANJIN TTI,LA - DCM FLEET (MILLERGROVE SFS),LA - DAMCO (SANTA FE SPR),LA - DCM FLEET (MILLERGROVE SFS),LA - PIER S MAIN YARD,LA - PIER S AMAZON YARD,LA - APMT:P400",LA - DAMCO (SANTA FE SPR),1/21/25 21:09,1/25/25 20:10,95,LA - HANJIN TTI,LA - APMT:P400,502,"MT,TY,DC,TY,TY,TY,MT",8287,1
AIMZ476121,LAXCSN,LAXCSN,10/24/24 19:35,2/11/25 1:32,,YXDR,YXDR,ABCD,ABCD,1341509,23115540,"LA - APMT:P400,LA - PIER S MAIN YARD,LA - DCM FLEET (MILLERGROVE SFS),LA - DAMCO (SANTA FE SPR),LA - DCM FLEET (MILLERGROVE SFS),LA - FAST LANE,LA - APMT:P400",LA - DAMCO (SANTA FE SPR),12/9/24 21:19,12/21/24 18:20,285,LA - APMT:P400,LA - APMT:P400,2622,"MT,TY,TY,DC,TY,TY,MT",12915,6
AIMZ476121,LAXCSN,LAXCSN,10/24/24 19:35,2/11/25 1:32,,YXDR,YXDR,ABCD,ABCD,1341509,21868903,"LA - HANJIN TTI,LA - PIER S MAIN YARD,LA - AMAZON IXD SBD1 (BLOOMINGTON),LA - RIALTO FULFILLMENT CENTER (BLOOMINGTON),LA - AMAZON OSY LILAC (BLOOMINGTON),LA - LINCOLN TRK SATELLITE YARD,LA - CAVALIER LOGISTICS (CARSON),LA - LINCOLN TRANSPORTATION SERVICES (CARSON),LA - APMT:P400",LA - AMAZON IXD SBD1 (BLOOMINGTON),10/25/24 3:33,11/12/24 23:49,452,LA - HANJIN TTI,LA - APMT:P400,2622,"MT,TY,DC,DC,TY,TY,DC,DC,MT",12915,6
AIMZ476121,LAXCSN,LAXCSN,10/24/24 19:35,2/11/25 1:32,,YXDR,YXDR,ABCD,ABCD,1341509,23502359,"LA - APMT:P400,LA - FAST LANE,LA - AMAZON XLX7 (VICTORVILLE),LA - CTK USA LOGISTICS AND MARKETING SOLUTIONS (ONTARIO),LA - PREMIER TRANSPORTATION &WAREHOUSING(CARSON),LA - APMT:P400",LA - AMAZON XLX7 (VICTORVILLE),12/21/24 20:25,1/24/25 6:33,802,LA - APMT:P400,LA - APMT:P400,2622,"MT,TY,DC,DC,TY,MT",12915,6
AIMZ476121,LAXCSN,LAXCSN,10/24/24 19:35,2/11/25 1:32,,YXDR,YXDR,ABCD,ABCD,1341509,22617707,"LA - APMT:P400,LA - PIER S AMAZON YARD,LA - PIER S MAIN YARD,LA - DCM FLEET (MILLERGROVE SFS),LA - DAMCO (SANTA FE SPR),LA - DCM FLEET (MILLERGROVE SFS),LA - MID LANE TRUCK YARD,LA - APMT:P400",LA - DAMCO (SANTA FE SPR),11/13/24 0:43,12/9/24 20:06,643,LA - APMT:P400,LA - APMT:P400,2622,"MT,TY,TY,TY,DC,TY,TY,MT",12915,6
AIMZ476121,LAXCSN,LAXCSN,10/24/24 19:35,2/11/25 1:32,,YXDR,YXDR,ABCD,ABCD,1341509,24317354,"LA - APMT:P400,LA - LINCOLN TRK SATELLITE YARD,LA - DCM FLEET (MILLERGROVE SFS),LA - DAMCO (SANTA FE SPR),LA - DCM FLEET (MILLERGROVE SFS),LA - LINCOLN TRK SATELLITE YARD,LA - LINCOLN TRANSPORTATION SERVICES (CARSON),LA - WBCT",LA - DAMCO (SANTA FE SPR),1/24/25 7:23,1/29/25 16:23,129,LA - APMT:P400,LA - WBCT,2622,"MT,TY,TY,DC,TY,TY,DC,MT",12915,6
AIMZ476121,LAXCSN,LAXCSN,10/24/24 19:35,2/11/25 1:32,,YXDR,YXDR,ABCD,ABCD,1341509,24430983,"LA - WBCT,LA - DCM FLEET (MILLERGROVE SFS),LA - DAMCO (SANTA FE SPR),LA - DCM FLEET (MILLERGROVE SFS),LA - PIER S AMAZON YARD,LA - PIER S MAIN YARD,LA - ITS PIER G",LA - DAMCO (SANTA FE SPR),1/29/25 17:32,1/31/25 6:38,37,LA - WBCT,LA - ITS PIER G,2622,"MT,TY,DC,TY,TY,TY,MT",12915,6
AIMZ476468,LAXCSN,LAXCSN,1/22/25 7:13,2/11/25 11:20,,RELY,RELY,ABCD,ABCD,1403182,24289361,"LA - SSA PIER J,LA - DAMCO (SANTA FE SPR),LA - DCM FLEET (MILLERGROVE SFS),LA - ADVANCED ALARM & FIRE (SANTA FE SPRINGS),LA - DAMCO (SANTA FE SPR),LA - DCM FLEET (MILLERGROVE SFS),LA - PIER S AMAZON YARD,LA - PIER S MAIN YARD,LA - AFFORDABLE MOVERS (LYNWOOD),LA - WBCT",LA - DAMCO (SANTA FE SPR),1/22/25 16:07,2/4/25 6:25,302,LA - SSA PIER J,LA - WBCT,484,"MT,DC,TY,DC,DC,TY,TY,TY,TY,MT",8365,1
AIMZ477754,LAXAIM,LAXAIM,2/3/25 11:06,2/10/25 19:55,,ESLU,ESLU,ABCD,ABCD,1414131,24495487,"LA - HANJIN TTI,LA - PIER S MAIN YARD,LA - AMAZON IUSP (HESPERIA),LA - PIER S MAIN YARD,LA - HANJIN TTI",LA - AMAZON IUSP (HESPERIA),2/3/25 22:36,2/11/25 3:36,173,LA - HANJIN TTI,LA - HANJIN TTI,177,"MT,TY,DC,TY,MT",7921,1
AIMZ479118,LAXCSN,LAXCSN,1/15/25 10:52,2/11/25 11:51,,RELY,RELY,ABCD,ABCD,1398066,24260569,"LA - APMT:P400,LA - PIER S AMAZON YARD,LA - AMAZON ONT2 (CENTRAL AVE  SB),LA - AMAZON XIX2,LA - AMAZON ONT2 (CENTRAL AVE  SB),LA - PIER S MAIN YARD,LA - PIER S AMAZON YARD,LA - HANJIN TTI",LA - AMAZON ONT2 (CENTRAL AVE  SB),1/21/25 13:31,2/4/25 5:17,328,LA - APMT:P400,LA - HANJIN TTI,649,"MT,TY,DC,DC,DC,TY,TY,MT",9031,3
AIMZ479118,LAXCSN,LAXCSN,1/15/25 10:52,2/11/25 11:51,,RELY,RELY,ABCD,ABCD,1398066,24042806,"LA - APMT:P400,LA - PIER S MAIN YARD,LA - PIER S AMAZON YARD,LA - AMAZON IUSP (HESPERIA),LA - PIER S AMAZON YARD,LA - PIER S MAIN YARD,LA - APMT:P400",LA - AMAZON IUSP (HESPERIA),1/15/25 19:42,1/21/25 3:09,127,LA - APMT:P400,LA - APMT:P400,649,"MT,TY,TY,DC,TY,TY,MT",9031,3
AIMZ479118,LAXCSN,LAXCSN,1/15/25 10:52,2/11/25 11:51,,RELY,RELY,ABCD,ABCD,1398066,24214058,"LA - APMT:P400,LA - AFFORDABLE MOVERS (LYNWOOD),LA - APMT:P400",LA - AFFORDABLE MOVERS (LYNWOOD),1/21/25 4:43,1/21/25 12:44,8,LA - APMT:P400,LA - APMT:P400,649,"MT,TY,MT",9031,3
AIMZ479180,LAXAIM,LAXCSN,1/22/25 9:39,2/11/25 12:36,,IMTA,IMTA,ABCD,ABCD,1403464,24337046,"LA - ITS PIER G,LA - DCM FLEET (MILLERGROVE SFS),LA - DAMCO (SANTA FE SPR),LA - DCM FLEET (MILLERGROVE SFS),LA - TRAPAC",LA - DAMCO (SANTA FE SPR),1/25/25 3:37,1/29/25 8:42,101,LA - ITS PIER G,LA - TRAPAC,483,"MT,TY,DC,TY,MT",8365,2
AIMZ479180,LAXAIM,LAXCSN,1/22/25 9:39,2/11/25 12:36,,IMTA,IMTA,ABCD,ABCD,1403464,24289791,"LA - ITS PIER G,LA - DCM FLEET (MILLERGROVE SFS),LA - DAMCO (SANTA FE SPR),LA - DCM FLEET (MILLERGROVE SFS),LA - PIER S AMAZON YARD,LA - PIER S MAIN YARD,LA - ITS PIER G",LA - DAMCO (SANTA FE SPR),1/22/25 18:51,1/25/25 2:38,56,LA - ITS PIER G,LA - ITS PIER G,483,"MT,TY,DC,TY,TY,TY,MT",8365,2
AIMZ479231,LAXCSN,LAXAIM,10/15/24 12:17,2/10/25 11:43,,IMTA,IMTA,ABCD,ABCD,1333443,21232746,"LA - YTI,LA - PIER S MAIN YARD,LA - HARBOR DIVISION (LONG BEACH),LA - DCM FLEET (MILLERGROVE SFS),LA - AMAZON IXD SBD1 (BLOOMINGTON),LA - RIALTO FULFILLMENT CENTER (BLOOMINGTON),LA - AMAZON IXD SBD1 (BLOOMINGTON),LA - RIALTO FULFILLMENT CENTER (BLOOMINGTON),LA - AMAZON OSY LILAC (BLOOMINGTON),LA - 3 RIVERS TRKG,LA - TAYLORED TY (WTN),LA - TRAPAC",LA - AMAZON IXD SBD1 (BLOOMINGTON),10/15/24 21:48,11/11/24 18:00,644,LA - YTI,LA - TRAPAC,2831,"MT,TY,TY,TY,DC,DC,DC,DC,TY,TY,TY,MT",11827,3
AIMZ479231,LAXCSN,LAXAIM,10/15/24 12:17,2/10/25 11:43,,IMTA,IMTA,ABCD,ABCD,1333443,22834923,"LA - TRAPAC,LA - PIER S MAIN YARD,LA - PIER S AMAZON YARD,LA - DCM FLEET (MILLERGROVE SFS),LA - DAMCO (SANTA FE SPR),LA - DCM FLEET (MILLERGROVE SFS),LA - TAYLORED TY (WTN),LA - PIER S MAIN YARD,LA - AIM DEPOT",LA - DAMCO (SANTA FE SPR),11/23/24 8:50,2/10/25 19:47,1907,LA - TRAPAC,LA - AIM DEPOT,2831,"MT,TY,TY,TY,DC,TY,TY,TY,DP",11827,3
AIMZ479231,LAXCSN,LAXAIM,10/15/24 12:17,2/10/25 11:43,,IMTA,IMTA,ABCD,ABCD,1333443,22597472,"LA - TRAPAC,LA - PIER S MAIN YARD,LA - DCM FLEET (MILLERGROVE SFS),LA - DAMCO (SANTA FE SPR),LA - DCM FLEET (MILLERGROVE SFS),LA - TRAPAC",LA - DAMCO (SANTA FE SPR),11/11/24 20:26,11/23/24 7:32,275,LA - TRAPAC,LA - TRAPAC,2831,"MT,TY,TY,DC,TY,MT",11827,3
AIMZ479356,LAXCSN,LAXCSN,9/30/24 14:23,2/10/25 13:11,,IMTA,IMTA,ABCD,ABCD,1320915,22765722,"LA - TRAPAC,LA - PIER S AMAZON YARD,LA - PIER S AMAZON YARD,LA - DCM FLEET (MILLERGROVE SFS),LA - DAMCO (SANTA FE SPR),LA - DCM FLEET (MILLERGROVE SFS),LA - TAYLORED TY (WTN),OAK - SHIPPERS TRANSPORT",LA - DAMCO (SANTA FE SPR),11/20/24 23:39,1/2/25 18:35,1027,LA - TRAPAC,OAK - SHIPPERS TRANSPORT,3191,"MT,TY,TY,TY,DC,TY,TY,DP",10240,4
AIMZ479356,LAXCSN,LAXCSN,9/30/24 14:23,2/10/25 13:11,,IMTA,IMTA,ABCD,ABCD,1320915,21110249,"LA - APMT:P400,LA - PIER S MAIN YARD,LA - PIER S AMAZON YARD,LA - HARBOR DIVISION (LOMITA YARD),LA - HARBOR DIVISION (LOMITA YARD),LA - DCM FLEET (MILLERGROVE SFS),LA - DAMCO (SANTA FE SPR),LA - DAMCO (SANTA FE SPR),LA - DCM FLEET (MILLERGROVE SFS),LA - DCM FLEET (MILLERGROVE SFS),LA - HARBOR DIVISION (LOMITA YARD),LA - ITS PIER G",LA - DAMCO (SANTA FE SPR),10/8/24 23:39,11/5/24 5:46,654,LA - APMT:P400,LA - ITS PIER G,3191,"MT,TY,TY,TY,TY,TY,DC,DC,TY,TY,TY,MT",10240,4
AIMZ479356,LAXCSN,LAXCSN,9/30/24 14:23,2/10/25 13:11,,IMTA,IMTA,ABCD,ABCD,1320915,22496102,"LA - ITS PIER G,LA - HARBOR DIVISION (LOMITA YARD),LA - DCM FLEET (MILLERGROVE SFS),LA - DAMCO (SANTA FE SPR),LA - DCM FLEET (MILLERGROVE SFS),LA - PIER S MAIN YARD,LA - TRAPAC",LA - DAMCO (SANTA FE SPR),11/5/24 7:57,11/20/24 20:35,373,LA - ITS PIER G,LA - TRAPAC,3191,"MT,TY,TY,DC,TY,TY,MT",10240,4
AIMZ479356,LAXCSN,LAXCSN,9/30/24 14:23,2/10/25 13:11,,IMTA,IMTA,ABCD,ABCD,1320915,20961070,"LA - EVERGREEN,LA - TAYLORED TY (WTN),LA - DCM FLEET (MILLERGROVE SFS),LA - DAMCO (SANTA FE SPR),LA - DCM FLEET (MILLERGROVE SFS),LA - APMT:P400",LA - DAMCO (SANTA FE SPR),10/1/24 0:11,10/8/24 22:32,190,LA - EVERGREEN,LA - APMT:P400,3191,"MT,TY,TY,DC,TY,MT",10240,4
AIMZ484051,LAXAIM,LAXAIM,2/3/25 17:19,2/10/25 14:37,,ESLU,ESLU,ABCD,ABCD,1414623,24496087,"LA - HANJIN TTI,LA - PIER S MAIN YARD,LA - AMAZON IUSP (HESPERIA),LA - PIER S AMAZON YARD,LA - PIER S MAIN YARD,LA - HANJIN TTI",LA - AMAZON IUSP (HESPERIA),2/4/25 2:50,2/10/25 22:20,163,LA - HANJIN TTI,LA - HANJIN TTI,165,"MT,TY,DC,TY,TY,MT",7921,1
AIMZ496760,LAXCSN,LAXCSN,1/22/25 17:51,2/11/25 16:54,,ESLU,ESLU,ABCD,ABCD,1403923,24290329,"LA - HANJIN TTI,LA - UNIVERSAL WHSE,CA - AMAZON WH KRB7 (BEAUMONT),LA - PIER S AMAZON YARD,LA - PIER S MAIN YARD,LA - HANJIN TTI",LA - UNIVERSAL WHSE,1/23/25 2:59,2/6/25 3:49,337,LA - HANJIN TTI,LA - HANJIN TTI,479,"MT,DC,DC,TY,TY,MT",8365,1
AIMZ500963,LAXCSN,LAXCSN,1/30/25 23:56,2/10/25 11:48,,WNOS,WNOS,ABCD,ABCD,1422301,24465699,"LA - TRAPAC,LA - DCM FLEET (MILLERGROVE SFS),LA - DAMCO (SANTA FE SPR),LA - DCM FLEET (MILLERGROVE SFS),LA - DAMCO (SANTA FE SPR),LA - DCM FLEET (MILLERGROVE SFS),LA - PIER S AMAZON YARD,LA - PIER S MAIN YARD,LA - FLEXIVAN SVC CTR",LA - DAMCO (SANTA FE SPR),1/31/25 16:23,2/10/25 19:49,243,LA - TRAPAC,LA - FLEXIVAN SVC CTR,252,"MT,TY,DC,TY,DC,TY,TY,TY,DP",8397,2
AIMZ500963,LAXCSN,LAXCSN,1/30/25 23:56,2/10/25 11:48,,WNOS,WNOS,ABCD,ABCD,1422301,24450090,"LA - FLEXIVAN SVC CTR,LA - MAXWAY FREIGHT SYSTEMS(CARSON),LA - TRAPAC",LA - MAXWAY FREIGHT SYSTEMS(CARSON),1/31/25 8:08,1/31/25 15:21,7,LA - FLEXIVAN SVC CTR,LA - TRAPAC,252,"DP,DC,MT",8397,2
AIMZ501356,LAXAIM,LAXCSN,9/14/24 10:27,2/10/25 19:35,,RDDH,RDDH,ABCD,ABCD,1308396,23226151,"LA - APMT:P400,LA - DCM FLEET (MILLERGROVE SFS),LA - DAMCO (SANTA FE SPR),LA - DCM FLEET (MILLERGROVE SFS),LA - S MAPLE TRUCK YARD (GARDENA),LA - PIER S MAIN YARD,LA - PIER S AMAZON YARD,LA - PAC ANCHOR(WILMINGTON),LA - WBCT",LA - DAMCO (SANTA FE SPR),12/14/24 5:01,2/11/25 2:31,1414,LA - APMT:P400,LA - WBCT,3585,"MT,TY,DC,TY,TY,TY,TY,TY,MT",8343,3
AIMZ501356,LAXAIM,LAXCSN,9/14/24 10:27,2/10/25 19:35,,RDDH,RDDH,ABCD,ABCD,1308396,22741121,"LA - HANJIN TTI,LA - PIER S AMAZON YARD,LA - PIER S MAIN YARD,LA - DCM FLEET (MILLERGROVE SFS),LA - DAMCO (SANTA FE SPR),LA - DCM FLEET (MILLERGROVE SFS),LA - TAYLORED TY (WTN),LA - APMT:P400",LA - DAMCO (SANTA FE SPR),11/20/24 4:42,12/14/24 3:56,575,LA - HANJIN TTI,LA - APMT:P400,3585,"MT,TY,TY,TY,DC,TY,TY,MT",8343,3
AIMZ501356,LAXAIM,LAXCSN,9/14/24 10:27,2/10/25 19:35,,RDDH,RDDH,ABCD,ABCD,1308396,20605520,"LA - APMT:P400,LA - PIER S AMAZON YARD,LA - PIER S MAIN YARD,LA - DCM FLEET (MILLERGROVE SFS),LA - DAMCO (SANTA FE SPR),LA - DCM FLEET (MILLERGROVE SFS),LA - PIER S MAIN YARD,LA - HANJIN TTI",LA - DAMCO (SANTA FE SPR),9/14/24 19:44,11/20/24 3:42,1592,LA - APMT:P400,LA - HANJIN TTI,3585,"MT,TY,TY,TY,DC,TY,TY,MT",8343,3
AIMZ501649,LAXCSN,LAXCSN,2/4/25 9:34,2/10/25 9:50,,IMTA,IMTA,ABCD,ABCD,1415495,24511791,"LA - TRAPAC,LA - DCM FLEET (MILLERGROVE SFS),LA - TRAPAC,LA - DAMCO (SANTA FE SPR),LA - DCM FLEET (MILLERGROVE SFS),LA - PIER S MAIN YARD,LA - PIER S AMAZON YARD,LA - PIER S MAIN YARD,LA - FLEXIVAN SVC CTR",LA - DAMCO (SANTA FE SPR),2/4/25 19:29,2/10/25 17:54,142,LA - TRAPAC,LA - FLEXIVAN SVC CTR,144,"MT,TY,MT,DC,TY,TY,TY,TY,DP",7874,1
AIMZ501727,LAXCSN,LAXCSN,8/30/24 15:31,2/11/25 11:49,,RDDH,IMTA,ABCD,ABCD,1422892,20253499,"LA - HANJIN TTI,LA - HARBOR DIVISION (LOMITA YARD),LA - AMAZON IUSP (HESPERIA),LA - PIER S MAIN YARD,LA - APMT:P400",LA - AMAZON IUSP (HESPERIA),8/30/24 23:36,9/18/24 14:45,447,LA - HANJIN TTI,LA - APMT:P400,3956,"MT,TY,DC,TY,MT",7806,3
AIMZ501727,LAXCSN,LAXCSN,8/30/24 15:31,2/11/25 11:49,,RDDH,IMTA,ABCD,ABCD,1422892,20702115,"LA - APMT:P400,LA - PIER S MAIN YARD,LA - DCM FLEET (MILLERGROVE SFS),LA - DAMCO (SANTA FE SPR),LA - DAMCO (SANTA FE SPR),LA - DCM FLEET (MILLERGROVE SFS),LA - PIER S MAIN YARD,LA - PIER S AMAZON YARD,LA - PIER S AMAZON YARD,LA - PIER S MAIN YARD,LA - AMAZON XLX7 (VICTORVILLE),LA - MWC WEST COAST(VICTORVILLE),LA - TRAPAC",LA - DAMCO (SANTA FE SPR),9/18/24 15:37,11/6/24 18:07,1179,LA - APMT:P400,LA - TRAPAC,3956,"MT,TY,TY,DC,DC,TY,TY,TY,TY,TY,DC,DC,MT",7806,3
AIMZ501727,LAXCSN,LAXCSN,8/30/24 15:31,2/11/25 11:49,,RDDH,IMTA,ABCD,ABCD,1422892,22514143,"LA - TRAPAC,LA - PIER S MAIN YARD,LA - DAMCO (SANTA FE SPR),LA - DCM FLEET (MILLERGROVE SFS),LA - DAMCO (SANTA FE SPR),LA - DCM FLEET (MILLERGROVE SFS),LA - PIER S MAIN YARD,LA - TRAPAC",LA - DAMCO (SANTA FE SPR),11/6/24 20:34,11/20/24 4:04,319,LA - TRAPAC,LA - TRAPAC,3956,"MT,TY,DC,TY,DC,TY,TY,MT",7806,3
AIMZ501827,LAXAIM,LAXAIM,2/1/25 10:43,2/10/25 8:22,,IMTA,IMTA,ABCD,ABCD,1413213,24478484,"LA - TRAPAC,LA - DCM FLEET (MILLERGROVE SFS),LA - DAMCO (SANTA FE SPR),LA - DCM FLEET (MILLERGROVE SFS),LA - PIER S MAIN YARD,LA - AIM DEPOT",LA - DAMCO (SANTA FE SPR),2/1/25 19:47,2/10/25 16:22,213,LA - TRAPAC,LA - AIM DEPOT,214,"MT,TY,DC,TY,TY,DP",7938,1
AIMZ503275,LAXAIM,LAXCSN,1/31/25 8:19,2/10/25 12:23,,"THBJ,SCJH",WNOS,ABCD,ABCD,1420419,24466075,"LA - TRAPAC,LA - DCM FLEET (MILLERGROVE SFS),LA - DAMCO (SANTA FE SPR),LA - DCM FLEET (MILLERGROVE SFS),LA - PIER S MAIN YARD,LA - PIER S AMAZON YARD,LA - FLEXIVAN SVC CTR",LA - DAMCO (SANTA FE SPR),1/31/25 18:21,2/10/25 20:21,242,LA - TRAPAC,LA - FLEXIVAN SVC CTR,244,"MT,TY,DC,TY,TY,TY,DP",8236,1
AIMZ535184,LAXCSN,LAXCSN,12/5/24 22:21,2/10/25 20:20,,"THBJ,SCJH",RDDH,ABCD,ABCD,1393579,24569630,"LA - APMT:P400,LA - PAC ANCHOR(WILMINGTON),LA - WBCT",LA - PAC ANCHOR(WILMINGTON),2/8/25 17:54,2/11/25 2:39,57,LA - APMT:P400,LA - WBCT,1606,"MT,TY,MT",12864,3
AIMZ535184,LAXCSN,LAXCSN,12/5/24 22:21,2/10/25 20:20,,"THBJ,SCJH",RDDH,ABCD,ABCD,1393579,23043460,"LA - TRAPAC,LA - TAYLORED TY (WTN),LA - DCM FLEET (MILLERGROVE SFS),LA - DAMCO (SANTA FE SPR),LA - DCM FLEET (MILLERGROVE SFS),LA - TAYLORED TY (WTN),LA - APMT:P400",LA - DAMCO (SANTA FE SPR),12/6/24 7:29,12/17/24 16:37,273,LA - TRAPAC,LA - APMT:P400,1606,"MT,TY,TY,DC,TY,TY,MT",12864,3
AIMZ535184,LAXCSN,LAXCSN,12/5/24 22:21,2/10/25 20:20,,"THBJ,SCJH",RDDH,ABCD,ABCD,1393579,23311756,"LA - APMT:P400,LA - DCM FLEET (MILLERGROVE SFS),LA - DAMCO (SANTA FE SPR),LA - DCM FLEET (MILLERGROVE SFS),LA - DCM FLEET (MILLERGROVE SFS),LA - PIER S MAIN YARD,LA - APMT:P400",LA - DAMCO (SANTA FE SPR),12/17/24 17:34,2/8/25 17:10,1272,LA - APMT:P400,LA - APMT:P400,1606,"MT,TY,DC,TY,TY,TY,MT",12864,3
AIMZ650912,LAXAIM,LAXCSN,1/22/25 10:33,2/10/25 13:32,,RELY,RELY,ABCD,ABCD,1403551,24291477,"LA - APMT:P400,LA - PIER S MAIN YARD,LA - PIER S AMAZON YARD,LA - PIER S MAIN YARD,LA - AMAZON ONT2 (CENTRAL AVE  SB),LA - PIER S AMAZON YARD,LA - PIER S MAIN YARD,LA - APMT:P400",LA - AMAZON ONT2 (CENTRAL AVE  SB),1/22/25 20:14,2/10/25 19:28,455,LA - APMT:P400,LA - APMT:P400,459,"MT,TY,TY,TY,DC,TY,TY,MT",8365,1
AIMZ840027,LAXAIM,LAXAIM,10/18/24 13:10,2/11/25 1:43,,YXDR,RDDH,ABCD,ABCD,1411997,21297670,"LA - EVERGREEN,LA - PIER S AMAZON YARD,LA - PIER S MAIN YARD,LA - MONSTER DC (RIALTO),LA - DAVIS ENTERPRISES (FONTANA),LA - AMAZON LGB8 (RIALTO),LA - WINDFLOWER TY (FONTANA),LA - DAVIS ENTERPRISES (FONTANA),LA - PIER S MAIN YARD,LA - PIER S AMAZON YARD,LA - GGS",LA - MONSTER DC (RIALTO),10/18/24 21:04,11/8/24 17:54,501,LA - EVERGREEN,LA - GGS,2773,"MT,TY,TY,DC,TY,DC,TY,TY,TY,TY,MT",12504,3
AIMZ840027,LAXAIM,LAXAIM,10/18/24 13:10,2/11/25 1:43,,YXDR,RDDH,ABCD,ABCD,1411997,22571449,"LA - GGS,LA - PIER S MAIN YARD,LA - AMAZON (ONT6),LA - PIER S AMAZON YARD,LA - PIER S MAIN YARD,LA - GGS",LA - AMAZON (ONT6),11/8/24 18:39,11/14/24 20:02,145,LA - GGS,LA - GGS,2773,"MT,TY,DC,TY,TY,MT",12504,3
AIMZ840027,LAXAIM,LAXAIM,10/18/24 13:10,2/11/25 1:43,,YXDR,RDDH,ABCD,ABCD,1411997,22662335,"LA - GGS,LA - PIER S MAIN YARD,LA - PIER S AMAZON YARD,LA - PIER S MAIN YARD,LA - RIDGE SAN BERNARDINO ONE,LA - AMAZON (GLENN HALEN OSY),LA - RIDGE SAN BERNARDINO ONE,LA - AMAZON (GLENN HALEN OSY),LA - PIER S MAIN YARD,LA - GGS",LA - RIDGE SAN BERNARDINO ONE,11/14/24 22:21,11/25/24 21:58,264,LA - GGS,LA - GGS,2773,"MT,TY,TY,TY,DC,TY,DC,TY,TY,MT",12504,3
AIMZ840216,LAXCSN,LAXCSN,2/4/25 14:22,2/10/25 18:31,,RELY,RELY,ABCD,ABCD,1416204,24512724,"LA - WBCT,LA - PIER S MAIN YARD,LA - PIER S AMAZON YARD,LA - PIER S MAIN YARD,LA - AMAZON IXD SBD1 (BLOOMINGTON),LA - RIALTO FULFILLMENT CENTER (BLOOMINGTON),LA - AMAZON IXD SBD1 (BLOOMINGTON),LA - PIER S AMAZON YARD,LA - PIER S MAIN YARD,LA - PIER S AMAZON YARD,LA - TRAPAC",LA - AMAZON IXD SBD1 (BLOOMINGTON),2/4/25 23:53,2/11/25 0:27,145,LA - WBCT,LA - TRAPAC,148,"MT,TY,TY,TY,DC,DC,DC,TY,TY,TY,MT",7874,1
AIMZ840357,LAXCSN,LAXAIM,1/16/25 7:17,2/11/25 16:07,,RELY,RELY,ABCD,ABCD,1398838,24090367,"LA - HANJIN TTI,LA - PIER S MAIN YARD,LA - AMAZON IUSP (HESPERIA),LA - PIER S AMAZON YARD,LA - PIER S MAIN YARD,LA - PIER S AMAZON YARD,LA - PIER S MAIN YARD,LA - PIER S AMAZON YARD,LA - WBCT",LA - AMAZON IUSP (HESPERIA),1/16/25 16:29,1/24/25 18:04,194,LA - HANJIN TTI,LA - WBCT,633,"MT,TY,DC,TY,TY,TY,TY,TY,MT",8983,1
AIMZ840513,LAXAIM,LAXCSN,1/31/25 10:51,2/10/25 22:46,,WNOS,WNOS,ABCD,ABCD,1412564,24466651,"LA - SSA PIER J,LA - PIER S AMAZON YARD,CA - AMAZON WH KRB7 (BEAUMONT),LA - PIER S AMAZON YARD,LA - PIER S MAIN YARD,LA - APMT:P400",CA - AMAZON WH KRB7 (BEAUMONT),1/31/25 22:06,2/11/25 3:53,246,LA - SSA PIER J,LA - APMT:P400,252,"MT,TY,DC,TY,TY,MT",8236,1
AIMZ840680,LAXCSN,LAXAIM,1/27/25 21:39,2/10/25 18:27,,RELY,RELY,ABCD,ABCD,1408059,24375591,"LA - TRAPAC,LA - PIER S AMAZON YARD,LA - PIER S MAIN YARD,LA - PIER S AMAZON YARD,LA - RIDGE SAN BERNARDINO ONE,LA - AMAZON (GLENN HALEN OSY),LA - RIDGE SAN BERNARDINO ONE,LA - AMAZON (GLENN HALEN OSY),LA - PIER S AMAZON YARD,LA - PIER S MAIN YARD,LA - TRAPAC",LA - RIDGE SAN BERNARDINO ONE,1/28/25 7:26,2/11/25 1:51,330,LA - TRAPAC,LA - TRAPAC,333,"MT,TY,TY,TY,DC,TY,DC,TY,TY,TY,MT",8495,1
AIMZ840703,LAXCSN,LAXCSN,1/30/25 10:54,2/10/25 18:22,,RELY,RELY,ABCD,ABCD,1411351,24451212,"LA - APMT:P400,LA - PIER S AMAZON YARD,LA - PIER S MAIN YARD,LA - PIER S AMAZON YARD,LA - DAMCO (SANTA FE SPR),LA - DCM FLEET (MILLERGROVE SFS),LA - DAMCO (SANTA FE SPR),LA - DCM FLEET (MILLERGROVE SFS),LA - PIER S MAIN YARD,LA - PIER S AMAZON YARD,LA - W BROADWAY PARKING (LONG BEACH),LA - HANJIN TTI",LA - DAMCO (SANTA FE SPR),1/30/25 22:58,2/11/25 0:30,266,LA - APMT:P400,LA - HANJIN TTI,271,"MT,TY,TY,TY,DC,TY,DC,TY,TY,TY,TY,MT",8397,1
AIMZ840713,LAXAIM,LAXCSN,9/26/24 7:11,2/10/25 11:49,,RDDH,IMTA,ABCD,ABCD,1413224,20944172,"LA - HANJIN TTI,LA - PIER S MAIN YARD,LA - DCM FLEET (MILLERGROVE SFS),LA - DAMCO (SANTA FE SPR),LA - DCM FLEET (MILLERGROVE SFS),LA - APMT:P400",LA - DAMCO (SANTA FE SPR),9/26/24 15:27,11/5/24 20:01,965,LA - HANJIN TTI,LA - APMT:P400,3293,"MT,TY,TY,DC,TY,MT",9560,2
AIMZ840713,LAXAIM,LAXCSN,9/26/24 7:11,2/10/25 11:49,,RDDH,IMTA,ABCD,ABCD,1413224,24466682,"LA - TRAPAC,LA - DCM FLEET (MILLERGROVE SFS),LA - DAMCO (SANTA FE SPR),LA - DCM FLEET (MILLERGROVE SFS),LA - PIER S AMAZON YARD,LA - PIER S MAIN YARD,LA - PIER S AMAZON YARD,LA - PIER S MAIN YARD,LA - FLEXIVAN SVC CTR",LA - DAMCO (SANTA FE SPR),1/31/25 17:58,2/10/25 19:44,242,LA - TRAPAC,LA - FLEXIVAN SVC CTR,3293,"MT,TY,DC,TY,TY,TY,TY,TY,DP",9560,2
AIMZ840733,LAXAIM,LAXCSN,2/3/25 17:41,2/10/25 21:07,,RELY,RELY,ABCD,ABCD,1414632,24497574,"LA - WBCT,LA - PIER S AMAZON YARD,LA - PIER S MAIN YARD,LA - AMAZON IUSP (HESPERIA),LA - PIER S MAIN YARD,LA - TRAPAC",LA - AMAZON IUSP (HESPERIA),2/4/25 3:18,2/11/25 4:26,169,LA - WBCT,LA - TRAPAC,171,"MT,TY,TY,DC,TY,MT",7921,1
AIMZ840741,LAXCSN,LAXCSN,1/27/25 12:41,2/11/25 13:15,,ESLU,ESLU,ABCD,ABCD,1407681,24433502,"LA - GGS,LA - UNIVERSAL WHSE,LA - ITS PIER G",LA - UNIVERSAL WHSE,1/29/25 22:35,1/31/25 19:35,45,LA - GGS,LA - ITS PIER G,361,"MT,DC,MT",8495,6
AIMZ840741,LAXCSN,LAXCSN,1/27/25 12:41,2/11/25 13:15,,ESLU,ESLU,ABCD,ABCD,1407681,24375598,"LA - HANJIN TTI,LA - ICTF(UP)",,1/27/25 18:13,1/27/25 18:23,0,LA - HANJIN TTI,LA - ICTF(UP),361,"MT,RY",8495,6
AIMZ840741,LAXCSN,LAXCSN,1/27/25 12:41,2/11/25 13:15,,ESLU,ESLU,ABCD,ABCD,1407681,24375599,"LA - ICTF(UP),LA - FLEXIVAN SVC CTR",,1/27/25 19:37,1/27/25 19:37,0,LA - ICTF(UP),LA - FLEXIVAN SVC CTR,361,"RY,DP",8495,6
AIMZ840741,LAXCSN,LAXCSN,1/27/25 12:41,2/11/25 13:15,,ESLU,ESLU,ABCD,ABCD,1407681,24528955,"LA - ITS PIER G,LA - UNIVERSAL WHSE,LA - YTI",LA - UNIVERSAL WHSE,2/5/25 22:22,2/6/25 23:07,25,LA - ITS PIER G,LA - YTI,361,"MT,DC,MT",8495,6
AIMZ840741,LAXCSN,LAXCSN,1/27/25 12:41,2/11/25 13:15,,ESLU,ESLU,ABCD,ABCD,1407681,24375601,"LA - TRAPAC,LA - UNIVERSAL WHSE,LA - GGS",LA - UNIVERSAL WHSE,1/28/25 0:13,1/29/25 19:54,44,LA - TRAPAC,LA - GGS,361,"MT,DC,MT",8495,6
AIMZ840741,LAXCSN,LAXCSN,1/27/25 12:41,2/11/25 13:15,,ESLU,ESLU,ABCD,ABCD,1407681,24466688,"LA - ITS PIER G,LA - UNIVERSAL WHSE,LA - ITS PIER G",LA - UNIVERSAL WHSE,1/31/25 19:36,2/5/25 19:33,120,LA - ITS PIER G,LA - ITS PIER G,361,"MT,DC,MT",8495,6
AIMZ840761,LAXCSN,LAXCSN,2/3/25 17:46,2/10/25 21:19,,ESLU,ESLU,ABCD,ABCD,1414635,24497580,"LA - HANJIN TTI,LA - PIER S AMAZON YARD,LA - PIER S MAIN YARD,CA - AMAZON WH KRB7 (BEAUMONT),LA - PIER S AMAZON YARD,LA - PIER S MAIN YARD,LA - HANJIN TTI",CA - AMAZON WH KRB7 (BEAUMONT),2/4/25 3:04,2/11/25 4:36,170,LA - HANJIN TTI,LA - HANJIN TTI,172,"MT,TY,TY,DC,TY,TY,MT",7921,1
AIMZ841273,LAXAIM,LAXAIM,12/12/24 12:55,2/11/25 14:22,,RDDH,RDDH,ABCD,ABCD,1377458,23727317,"LA - APMT:P400,LA - DCM FLEET (MILLERGROVE SFS),LA - DAMCO (SANTA FE SPR),LA - DCM FLEET (MILLERGROVE SFS),LA - S MAPLE TRUCK YARD (GARDENA),LA - TRAPAC",LA - DAMCO (SANTA FE SPR),1/3/25 21:11,1/22/25 18:36,453,LA - APMT:P400,LA - TRAPAC,1465,"MT,TY,DC,TY,TY,MT",12216,4
AIMZ841273,LAXAIM,LAXAIM,12/12/24 12:55,2/11/25 14:22,,RDDH,RDDH,ABCD,ABCD,1377458,24433602,"LA - TRAPAC,LA - S MAPLE TRUCK YARD (GARDENA),LA - CALIFORNIA SUPPLY (GARDENA),LA - DCM FLEET (MILLERGROVE SFS),LA - DAMCO (SANTA FE SPR),LA - DCM FLEET (MILLERGROVE SFS),CA - DYNAMIC (GARDENA),LA - TRAPAC",LA - CALIFORNIA SUPPLY (GARDENA),1/30/25 2:58,2/6/25 22:55,188,LA - TRAPAC,LA - TRAPAC,1465,"MT,TY,DC,TY,DC,TY,DC,MT",12216,4
AIMZ841273,LAXAIM,LAXAIM,12/12/24 12:55,2/11/25 14:22,,RDDH,RDDH,ABCD,ABCD,1377458,23201541,"LA - ITS PIER G,LA - PIER S AMAZON YARD,LA - PIER S MAIN YARD,LA - DCM FLEET (MILLERGROVE SFS),LA - DAMCO (SANTA FE SPR),LA - DCM FLEET (MILLERGROVE SFS),LA - APMT:P400",LA - DAMCO (SANTA FE SPR),12/13/24 2:44,1/3/25 20:18,522,LA - ITS PIER G,LA - APMT:P400,1465,"MT,TY,TY,TY,DC,TY,MT",12216,4
AIMZ841273,LAXAIM,LAXAIM,12/12/24 12:55,2/11/25 14:22,,RDDH,RDDH,ABCD,ABCD,1377458,24291824,"LA - TRAPAC,LA - DCM FLEET (MILLERGROVE SFS),LA - DAMCO (SANTA FE SPR),LA - DCM FLEET (MILLERGROVE SFS),LA - S MAPLE TRUCK YARD (GARDENA),LA - WBCT",LA - DAMCO (SANTA FE SPR),1/23/25 4:29,1/30/25 1:13,165,LA - TRAPAC,LA - WBCT,1465,"MT,TY,DC,TY,TY,MT",12216,4
AIMZ841595,LAXAIM,LAXCSN,1/24/25 13:27,2/11/25 10:07,,IMTA,IMTA,ABCD,ABCD,1421189,24339301,"LA - APMT:P400,LA - PIER S MAIN YARD,CA - AMAZON WH KRB7 (BEAUMONT),CA - AMAZON WH KRB7 (BEAUMONT),LA - PIER S AMAZON YARD,LA - PIER S MAIN YARD,LA - WBCT",CA - AMAZON WH KRB7 (BEAUMONT),1/24/25 22:13,2/6/25 0:26,290,LA - APMT:P400,LA - WBCT,429,"MT,TY,DC,DC,TY,TY,MT",8428,1
AIMZ841977,LAXAIM,LAXAIM,1/27/25 19:13,2/10/25 13:09,,RELY,RELY,ABCD,ABCD,1408003,24375823,"LA - WBCT,LA - PIER S AMAZON YARD,LA - PIER S MAIN YARD,LA - PIER S AMAZON YARD,LA - PIER S MAIN YARD,LA - PIER S AMAZON YARD,LA - AMAZON ONT2 (CENTRAL AVE  SB),LA - AMAZON XIX2,LA - PIER S AMAZON YARD,LA - PIER S MAIN YARD,LA - AFFORDABLE MOVERS (LYNWOOD),LA - TRAPAC",LA - AMAZON ONT2 (CENTRAL AVE  SB),1/28/25 7:48,2/10/25 19:41,324,LA - WBCT,LA - TRAPAC,330,"MT,TY,TY,TY,TY,TY,DC,DC,TY,TY,TY,MT",8495,1
AIMZ842022,LAXCSN,LAXCSN,2/3/25 17:00,2/10/25 19:02,,RELY,RELY,ABCD,ABCD,1414605,24497813,"LA - WBCT,LA - PIER S AMAZON YARD,LA - PIER S MAIN YARD,LA - AMAZON IUSP (HESPERIA),LA - PIER S MAIN YARD,LA - TRAPAC",LA - AMAZON IUSP (HESPERIA),2/4/25 2:18,2/11/25 2:02,168,LA - WBCT,LA - TRAPAC,170,"MT,TY,TY,DC,TY,MT",7921,1
AIMZ842027,LAXAIM,LAXCSN,11/15/24 10:37,2/10/25 12:55,,RDDH,RDDH,ABCD,ABCD,1358998,23227374,"LA - APMT:P400,LA - TRUCK YARD (WILMINGTON),LA - CARGO CATS LOGISTICS (FONTANA),LA - TRAPAC",LA - CARGO CATS LOGISTICS (FONTANA),12/14/24 5:03,12/18/24 2:44,94,LA - APMT:P400,LA - TRAPAC,2090,"MT,TY,DC,MT",13372,3
AIMZ842027,LAXAIM,LAXCSN,11/15/24 10:37,2/10/25 12:55,,RDDH,RDDH,ABCD,ABCD,1358998,23312750,"LA - TRAPAC,LA - COMMERCIAL LOT (WILMINGTON),CA - BAL EXPRESS CACTUS (SAN DIEGO),CA - BAL EXPRESS CACTUS (SAN DIEGO),LA - NIPPON EXPRESS USA (LONG BEACH),LA - COMMERCIAL LOT (WILMINGTON),LA - WBCT",LA - NIPPON EXPRESS USA (LONG BEACH),12/18/24 3:16,1/13/25 19:59,641,LA - TRAPAC,LA - WBCT,2090,"MT,TY,TY,TY,DC,TY,MT",13372,3
AIMZ842027,LAXAIM,LAXCSN,11/15/24 10:37,2/10/25 12:55,,RDDH,RDDH,ABCD,ABCD,1358998,22992594,"LA - YTI,LA - JCP DC - BUENA PARK,LA - COMMERCIAL LOT (WILMINGTON),LA - YTI",LA - JCP DC - BUENA PARK,12/3/24 22:15,12/10/24 21:55,168,LA - YTI,LA - YTI,2090,"MT,DC,TY,MT",13372,3
AIMZ842266,LAXCSN,LAXCSN,2/4/25 12:43,2/10/25 16:27,,RELY,RELY,ABCD,ABCD,1415820,24513098,"LA - WBCT,LA - PIER S MAIN YARD,LA - PIER S AMAZON YARD,LA - DCM FLEET (MILLERGROVE SFS),LA - DAMCO (SANTA FE SPR),LA - PIER S AMAZON YARD,LA - PIER S MAIN YARD,LA - TRAPAC",LA - DAMCO (SANTA FE SPR),2/4/25 23:00,2/10/25 23:47,145,LA - WBCT,LA - TRAPAC,148,"MT,TY,TY,TY,DC,TY,TY,MT",7874,1
AIMZ842309,LAXCSN,LAXCSN,1/17/25 17:26,2/11/25 12:35,,IMTA,IMTA,ABCD,ABCD,1400416,24132090,"LA - ITS PIER G,LA - DCM FLEET (MILLERGROVE SFS),LA - DAMCO (SANTA FE SPR),LA - DCM FLEET (MILLERGROVE SFS),LA - PIER S MAIN YARD,LA - PIER S AMAZON YARD,LA - ITS PIER G",LA - DAMCO (SANTA FE SPR),1/18/25 4:48,1/25/25 3:12,166,LA - ITS PIER G,LA - ITS PIER G,595,"MT,TY,DC,TY,TY,TY,MT",8866,2
AIMZ842309,LAXCSN,LAXCSN,1/17/25 17:26,2/11/25 12:35,,IMTA,IMTA,ABCD,ABCD,1400416,24339427,"LA - ITS PIER G,LA - DCM FLEET (MILLERGROVE SFS),LA - DAMCO (SANTA FE SPR),LA - DCM FLEET (MILLERGROVE SFS),LA - PIER S AMAZON YARD,LA - PIER S MAIN YARD,LA - TRAPAC",LA - DAMCO (SANTA FE SPR),1/25/25 4:58,2/1/25 9:10,172,LA - ITS PIER G,LA - TRAPAC,595,"MT,TY,DC,TY,TY,TY,MT",8866,2
AIMZ842310,LAXAIM,LAXCSN,1/13/25 13:53,2/10/25 17:29,,RELY,RELY,ABCD,ABCD,1396082,23966942,"LA - HANJIN TTI,LA - PIER S AMAZON YARD,LA - PIER S MAIN YARD,LA - AMAZON (ONT6),LA - PIER S AMAZON YARD,LA - PIER S MAIN YARD,LA - HANJIN TTI",LA - AMAZON (ONT6),1/13/25 22:35,1/30/25 23:22,409,LA - HANJIN TTI,LA - HANJIN TTI,676,"MT,TY,TY,DC,TY,TY,MT",8922,2
AIMZ842310,LAXAIM,LAXCSN,1/13/25 13:53,2/10/25 17:29,,RELY,RELY,ABCD,ABCD,1396082,24451592,"LA - TRAPAC,LA - PIER S AMAZON YARD,LA - PIER S MAIN YARD,LA - RIDGE SAN BERNARDINO ONE,LA - AMAZON (GLENN HALEN OSY),LA - RIDGE SAN BERNARDINO ONE,LA - AMAZON (GLENN HALEN OSY),LA - PIER S AMAZON YARD,LA - PIER S MAIN YARD,LA - TRAPAC",LA - RIDGE SAN BERNARDINO ONE,1/31/25 0:51,2/11/25 0:10,263,LA - TRAPAC,LA - TRAPAC,676,"MT,TY,TY,DC,TY,DC,TY,TY,TY,MT",8922,2
AIMZ842941,LAXCSN,LAXCSN,10/18/24 7:16,2/11/25 11:19,,RDDH,RDDH,ABCD,ABCD,1336213,23507468,"LA - ITS PIER G,LA - PIER S AMAZON YARD,LA - PIER S MAIN YARD,LA - RIDGE SAN BERNARDINO ONE,LA - AMAZON (GLENN HALEN OSY),LA - RIDGE SAN BERNARDINO ONE,LA - AMAZON (GLENN HALEN OSY),LA - PIER S AMAZON YARD,LA - PIER S MAIN YARD,LA - HANJIN TTI",LA - RIDGE SAN BERNARDINO ONE,12/26/24 18:04,1/9/25 21:04,339,LA - ITS PIER G,LA - HANJIN TTI,2788,"MT,TY,TY,DC,TY,DC,TY,TY,TY,MT",12504,4
AIMZ842941,LAXCSN,LAXCSN,10/18/24 7:16,2/11/25 11:19,,RDDH,RDDH,ABCD,ABCD,1336213,21298093,"LA - WBCT,LA - PIER S MAIN YARD,LA - PIER S MAIN YARD,LA - DCM FLEET (MILLERGROVE SFS),LA - DAMCO (SANTA FE SPR),LA - DCM FLEET (MILLERGROVE SFS),LA - TAYLORED TY (WTN),LA - PIER S AMAZON YARD,LA - PIER S MAIN YARD,LA - PIER S AMAZON YARD,LA - PIER S MAIN YARD,LA - AMAZON (GLENN HALEN OSY),LA - RIDGE SAN BERNARDINO ONE,LA - AMAZON (GLENN HALEN OSY),LA - PIER S MAIN YARD,LA - PIER S AMAZON YARD,LA - PIER S MAIN YARD,LA - TRAPAC",LA - DAMCO (SANTA FE SPR),10/18/24 16:20,12/12/24 4:02,1308,LA - WBCT,LA - TRAPAC,2788,"MT,TY,TY,TY,DC,TY,TY,TY,TY,TY,TY,TY,DC,TY,TY,TY,TY,MT",12504,4
AIMZ842941,LAXCSN,LAXCSN,10/18/24 7:16,2/11/25 11:19,,RDDH,RDDH,ABCD,ABCD,1336213,23174533,"LA - TRAPAC,LA - PIER S AMAZON YARD,LA - TAYLORED TY (WTN),LA - AMAZON IUSP (HESPERIA),LA - PIER S MAIN YARD,LA - ITS PIER G",LA - AMAZON IUSP (HESPERIA),12/12/24 6:03,12/26/24 16:30,346,LA - TRAPAC,LA - ITS PIER G,2788,"MT,TY,TY,DC,TY,MT",12504,4
AIMZ842941,LAXCSN,LAXCSN,10/18/24 7:16,2/11/25 11:19,,RDDH,RDDH,ABCD,ABCD,1336213,23878016,"LA - ITS PIER G,LA - PIER S MAIN YARD,CA - MARS PETCARE (REDLANDS),LA - PT B18,LA - SEARS MIRA LOMA - DULLES,LA - APMT:P400",CA - MARS PETCARE (REDLANDS),1/10/25 0:07,1/16/25 6:54,151,LA - ITS PIER G,LA - APMT:P400,2788,"MT,TY,DC,TY,DC,MT",12504,4
AIMZ843012,LAXCSN,LAXAIM,10/22/24 15:18,2/11/25 1:35,,YXDR,YXDR,ABCD,ABCD,1339113,23785750,"LA - TRAPAC,LA - PIER S AMAZON YARD,LA - PIER S MAIN YARD,LA - DCM FLEET (MILLERGROVE SFS),LA - DAMCO (SANTA FE SPR),LA - DCM FLEET (MILLERGROVE SFS),LA - TRAPAC",LA - DAMCO (SANTA FE SPR),1/6/25 18:12,1/8/25 18:22,48,LA - TRAPAC,LA - TRAPAC,2674,"MT,TY,TY,TY,DC,TY,MT",12630,5
AIMZ843012,LAXCSN,LAXAIM,10/22/24 15:18,2/11/25 1:35,,YXDR,YXDR,ABCD,ABCD,1339113,23469891,"LA - TRAPAC,LA - ROADEX CONGLOBAL (CARSON),LA - DCM FLEET (MILLERGROVE SFS),LA - DAMCO (SANTA FE SPR),LA - DCM FLEET (MILLERGROVE SFS),LA - PIER S AMAZON YARD,LA - PIER S MAIN YARD,LA - TRAPAC",LA - DAMCO (SANTA FE SPR),12/24/24 8:54,1/6/25 17:18,320,LA - TRAPAC,LA - TRAPAC,2674,"MT,TY,TY,DC,TY,TY,TY,MT",12630,5
AIMZ843012,LAXCSN,LAXAIM,10/22/24 15:18,2/11/25 1:35,,YXDR,YXDR,ABCD,ABCD,1339113,21772816,"LA - TRAPAC,LA - PIER S AMAZON YARD,LA - PIER S MAIN YARD,LA - DCM FLEET (MILLERGROVE SFS),LA - DAMCO (SANTA FE SPR),LA - DCM FLEET (MILLERGROVE SFS),LA - CONGLOBAL (WILMINGTON) SATELLITE YARD,LA - MID LANE TRUCK YARD,LA - TRAPAC",LA - DAMCO (SANTA FE SPR),10/22/24 23:52,12/24/24 5:53,1494,LA - TRAPAC,LA - TRAPAC,2674,"MT,TY,TY,TY,DC,TY,TY,TY,MT",12630,5
AIMZ843012,LAXCSN,LAXAIM,10/22/24 15:18,2/11/25 1:35,,YXDR,YXDR,ABCD,ABCD,1339113,23846622,"LA - TRAPAC,LA - PIER S MAIN YARD,LA - PIER S AMAZON YARD,LA - RIDGE SAN BERNARDINO ONE,LA - AMAZON (GLENN HALEN OSY),LA - RIDGE SAN BERNARDINO ONE,LA - AMAZON (GLENN HALEN OSY),LA - PIER S AMAZON YARD,LA - PIER S MAIN YARD,LA - TRAPAC",LA - RIDGE SAN BERNARDINO ONE,1/8/25 18:58,1/25/25 8:04,397,LA - TRAPAC,LA - TRAPAC,2674,"MT,TY,TY,DC,TY,DC,TY,TY,TY,MT",12630,5
AIMZ843012,LAXCSN,LAXAIM,10/22/24 15:18,2/11/25 1:35,,YXDR,YXDR,ABCD,ABCD,1339113,24353014,"LA - TRAPAC,LA - DCM FLEET (MILLERGROVE SFS),LA - DAMCO (SANTA FE SPR),LA - DCM FLEET (MILLERGROVE SFS),LA - LINCOLN TRK SATELLITE YARD,LA - WBCT",LA - DAMCO (SANTA FE SPR),1/25/25 9:29,1/29/25 21:39,108,LA - TRAPAC,LA - WBCT,2674,"MT,TY,DC,TY,TY,MT",12630,5
AIMZ843069,LAXCSN,LAXAIM,10/16/24 16:37,2/11/25 11:22,,IMTA,IMTA,ABCD,ABCD,1334829,22033541,"LA - HANJIN TTI,LA - TAYLORED TY (WTN),LA - AMAZON XIX2,LA - AMAZON ONT2 (CENTRAL AVE  SB),LA - SNUGTOP (LONG BEACH),LA - APMT:P400",LA - AMAZON XIX2,10/17/24 1:17,11/18/24 18:40,785,LA - HANJIN TTI,LA - APMT:P400,2827,"MT,TY,DC,DC,TY,MT",12064,3
AIMZ843069,LAXCSN,LAXAIM,10/16/24 16:37,2/11/25 11:22,,IMTA,IMTA,ABCD,ABCD,1334829,22715074,"LA - APMT:P400,LA - NAVY WAY TY (SAN PEDRO),LA - PIER S MAIN YARD,LA - AMAZON IUSP (HESPERIA),LA - TAYLORED TY (WTN),LA - APMT:P400",LA - AMAZON IUSP (HESPERIA),11/18/24 19:13,11/25/24 17:52,167,LA - APMT:P400,LA - APMT:P400,2827,"MT,TY,TY,DC,TY,MT",12064,3
AIMZ843069,LAXCSN,LAXAIM,10/16/24 16:37,2/11/25 11:22,,IMTA,IMTA,ABCD,ABCD,1334829,22853212,"LA - APMT:P400,LA - PIER S MAIN YARD,LA - DCM FLEET (MILLERGROVE SFS),LA - DAMCO (SANTA FE SPR),LA - DCM FLEET (MILLERGROVE SFS),LA - TAYLORED TY (WTN),LA - WBCT",LA - DAMCO (SANTA FE SPR),11/25/24 19:08,1/30/25 22:23,1587,LA - APMT:P400,LA - WBCT,2827,"MT,TY,TY,DC,TY,TY,MT",12064,3
AIMZ843375,LAXAIM,LAXCSN,2/3/25 16:21,2/10/25 19:45,,RELY,RELY,ABCD,ABCD,1414594,24498003,"LA - WBCT,LA - PIER S AMAZON YARD,LA - PIER S MAIN YARD,LA - RIDGE SAN BERNARDINO ONE,LA - AMAZON (GLENN HALEN OSY),LA - RIDGE SAN BERNARDINO ONE,LA - AMAZON (GLENN HALEN OSY),LA - PIER S AMAZON YARD,LA - PIER S MAIN YARD,LA - TRAPAC",LA - RIDGE SAN BERNARDINO ONE,2/4/25 3:42,2/11/25 3:10,167,LA - WBCT,LA - TRAPAC,171,"MT,TY,TY,DC,TY,DC,TY,TY,TY,MT",7921,1
AIMZ843642,LAXCSN,LAXCSN,1/6/25 21:01,2/11/25 2:32,,RDDH,RDDH,ABCD,ABCD,1407641,24090958,"LA - GGS,LA - PIER S AMAZON YARD,LA - PIER S MAIN YARD,LA - PIER S AMAZON YARD,LA - TAYLORED TY (WTN),LA - AMAZON IXD SBD1 (BLOOMINGTON),LA - RIALTO FULFILLMENT CENTER (BLOOMINGTON),LA - AMAZON IXD SBD1 (BLOOMINGTON),LA - PIER S MAIN YARD,LA - GGS",LA - AMAZON IXD SBD1 (BLOOMINGTON),1/16/25 19:03,1/30/25 19:11,336,LA - GGS,LA - GGS,846,"MT,TY,TY,TY,TY,DC,DC,DC,TY,MT",10135,3
AIMZ843642,LAXCSN,LAXCSN,1/6/25 21:01,2/11/25 2:32,,RDDH,RDDH,ABCD,ABCD,1407641,23785855,"LA - GGS,LA - PIER S AMAZON YARD,LA - PIER S MAIN YARD,CA - MARS PETCARE (REDLANDS),LA - PT B18,LA - PIER S AMAZON YARD,LA - PIER S MAIN YARD,LA - GGS",CA - MARS PETCARE (REDLANDS),1/7/25 8:06,1/16/25 18:28,226,LA - GGS,LA - GGS,846,"MT,TY,TY,DC,TY,TY,TY,MT",10135,3
AIMZ843642,LAXCSN,LAXCSN,1/6/25 21:01,2/11/25 2:32,,RDDH,RDDH,ABCD,ABCD,1407641,24451839,"LA - GGS,LA - PIER S AMAZON YARD,LA - AMAZON IXD SBD1 (BLOOMINGTON),LA - RIALTO FULFILLMENT CENTER (BLOOMINGTON),LA - AMAZON IXD SBD1 (BLOOMINGTON),LA - PIER S AMAZON YARD,LA - PIER S MAIN YARD,LA - GGS",LA - AMAZON IXD SBD1 (BLOOMINGTON),1/30/25 20:21,2/11/25 3:08,271,LA - GGS,LA - GGS,846,"MT,TY,DC,DC,DC,TY,TY,MT",10135,3
AIMZ843689,LAXAIM,LAXCSN,12/30/24 19:12,2/11/25 0:26,,RELY,RELY,ABCD,ABCD,1387464,23627027,"LA - WBCT,LA - PIER S AMAZON YARD,LA - PIER S MAIN YARD,LA - PIER S AMAZON YARD,LA - PIER S MAIN YARD,LA - AMAZON ONT2 (CENTRAL AVE  SB),LA - AMAZON XIX2,LA - AMAZON ONT2 (CENTRAL AVE  SB),LA - PIER S AMAZON YARD,LA - PIER S MAIN YARD,LA - PIER S AMAZON YARD,LA - TRAPAC",LA - AMAZON ONT2 (CENTRAL AVE  SB),12/31/24 4:36,2/11/25 2:08,1006,LA - WBCT,LA - TRAPAC,1013,"MT,TY,TY,TY,TY,DC,DC,DC,TY,TY,TY,MT",10713,1
AIMZ843919,LAXAIM,LAXCSN,2/3/25 20:07,2/10/25 20:46,,"THBJ,SCJH",WNOS,ABCD,ABCD,1420409,24545229,"LA - SSA PIER J,LA - M FRESCO INC (COMPTON),LA - INTERNATIONAL CARGO TERM (LONG BEACH),LA - FLEXIVAN SVC CTR",LA - INTERNATIONAL CARGO TERM (LONG BEACH),2/7/25 3:57,2/11/25 4:43,97,LA - SSA PIER J,LA - FLEXIVAN SVC CTR,169,"MT,TY,DC,DP",7921,2
AIMZ843919,LAXAIM,LAXCSN,2/3/25 20:07,2/10/25 20:46,,"THBJ,SCJH",WNOS,ABCD,ABCD,1420409,24498072,"LA - SSA PIER J,LA - DCM FLEET (MILLERGROVE SFS),LA - DAMCO (SANTA FE SPR),LA - DCM FLEET (MILLERGROVE SFS),LA - PIER S AMAZON YARD,LA - PIER S MAIN YARD,LA - PIER S AMAZON YARD,LA - SSA PIER J",LA - DAMCO (SANTA FE SPR),2/4/25 4:42,2/7/25 2:41,70,LA - SSA PIER J,LA - SSA PIER J,169,"MT,TY,DC,TY,TY,TY,TY,MT",7921,2
AIMZ844012,LAXCSN,LAXCSN,1/13/25 18:51,2/10/25 20:48,,RELY,RELY,ABCD,ABCD,1396226,23967189,"LA - HANJIN TTI,LA - PIER S AMAZON YARD,LA - PIER S MAIN YARD,LA - PIER S AMAZON YARD,LA - AMAZON REDLANDS ONT9 (SAN BERNARDINO AVE),LA - UNKNOWN WHS (REDLANDS),LA - AMAZON REDLANDS ONT9 (SAN BERNARDINO AVE),LA - PIER S AMAZON YARD,LA - PIER S MAIN YARD,LA - HANJIN TTI",LA - AMAZON REDLANDS ONT9 (SAN BERNARDINO AVE),1/14/25 5:15,1/30/25 20:42,399,LA - HANJIN TTI,LA - HANJIN TTI,674,"MT,TY,TY,TY,DC,DC,DC,TY,TY,MT",8922,3
AIMZ844012,LAXCSN,LAXCSN,1/13/25 18:51,2/10/25 20:48,,RELY,RELY,ABCD,ABCD,1396226,24451924,"LA - HANJIN TTI,LA - PIER S MAIN YARD,LA - PIER S AMAZON YARD,LA - HANJIN TTI",LA - PIER S AMAZON YARD,1/30/25 21:48,2/4/25 2:52,101,LA - HANJIN TTI,LA - HANJIN TTI,674,"MT,TY,TY,MT",8922,3
AIMZ844012,LAXCSN,LAXCSN,1/13/25 18:51,2/10/25 20:48,,RELY,RELY,ABCD,ABCD,1396226,24513390,"LA - WBCT,LA - PIER S MAIN YARD,LA - AMAZON IUSP (HESPERIA),LA - PIER S MAIN YARD,LA - PIER S AMAZON YARD,LA - WBCT",LA - AMAZON IUSP (HESPERIA),2/4/25 8:27,2/11/25 4:08,164,LA - WBCT,LA - WBCT,674,"MT,TY,DC,TY,TY,MT",8922,3
AIMZ844123,LAXCSN,LAXAIM,1/2/25 14:54,2/10/25 8:20,,RELY,RELY,ABCD,ABCD,1388638,23699487,"LA - WBCT,LA - PIER S AMAZON YARD,LA - AMAZON ONT2 (CENTRAL AVE  SB),LA - AMAZON POC3 (JURUPA VALLEY),LA - PIER S AMAZON YARD,LA - PIER S MAIN YARD,LA - HANJIN TTI",LA - AMAZON ONT2 (CENTRAL AVE  SB),1/3/25 0:00,2/9/25 20:03,908,LA - WBCT,LA - HANJIN TTI,929,"MT,TY,DC,DC,TY,TY,MT",10727,1
AIMZ844275,LAXAIM,LAXCSN,1/9/25 7:20,2/11/25 1:11,,IMTA,IMTA,ABCD,ABCD,1408133,24263054,"LA - APMT:P400,LA - DCM FLEET (MILLERGROVE SFS),LA - DAMCO (SANTA FE SPR),LA - DCM FLEET (MILLERGROVE SFS),LA - HARBOR DIVISION (LOMITA YARD),LA - SHIPPERS (LONG BEACH),LA - APMT:P400",LA - DAMCO (SANTA FE SPR),1/21/25 21:15,1/25/25 0:39,75,LA - APMT:P400,LA - APMT:P400,786,"MT,TY,DC,TY,TY,TY,MT",9678,2
AIMZ844275,LAXAIM,LAXCSN,1/9/25 7:20,2/11/25 1:11,,IMTA,IMTA,ABCD,ABCD,1408133,23878200,"LA - APMT:P400,LA - PIER S MAIN YARD,CA - MARS PETCARE (REDLANDS),LA - PT B18,LA - PIER S MAIN YARD,LA - APMT:P400",CA - MARS PETCARE (REDLANDS),1/9/25 19:08,1/21/25 20:34,289,LA - APMT:P400,LA - APMT:P400,786,"MT,TY,DC,TY,TY,MT",9678,2
AIMZ844338,LAXCSN,LAXCSN,12/2/24 18:07,2/10/25 17:55,,RDDH,RDDH,ABCD,ABCD,1368960,22992994,"LA - WBCT,LA - TAYLORED TY (WTN),LA - DCM FLEET (MILLERGROVE SFS),LA - DAMCO (SANTA FE SPR),LA - DCM FLEET (MILLERGROVE SFS),LA - PIER S AMAZON YARD,LA - ITS PIER G",LA - DAMCO (SANTA FE SPR),12/3/24 7:52,12/18/24 0:43,353,LA - WBCT,LA - ITS PIER G,1680,"MT,TY,TY,DC,TY,TY,MT",13095,3
AIMZ844338,LAXCSN,LAXCSN,12/2/24 18:07,2/10/25 17:55,,RDDH,RDDH,ABCD,ABCD,1368960,24353091,"LA - EVERGREEN,LA - PIER S AMAZON YARD,LA - PIER S MAIN YARD,LA - PIER S AMAZON YARD,LA - TAYLORED TY (WTN),LA - AMAZON (ONT6),LA - AMAZON PCA2 (PERRIS),LA - PIER S AMAZON YARD,LA - PIER S MAIN YARD,LA - PIER S AMAZON YARD,LA - GGS",LA - AMAZON (ONT6),1/25/25 22:54,2/10/25 22:36,384,LA - EVERGREEN,LA - GGS,1680,"MT,TY,TY,TY,TY,DC,DC,TY,TY,TY,MT",13095,3
AIMZ844338,LAXCSN,LAXCSN,12/2/24 18:07,2/10/25 17:55,,RDDH,RDDH,ABCD,ABCD,1368960,23313159,"LA - ITS PIER G,LA - PIER S MAIN YARD,LA - DCM FLEET (MILLERGROVE SFS),LA - DAMCO (SANTA FE SPR),LA - DCM FLEET (MILLERGROVE SFS),LA - PIER S MAIN YARD,LA - PIER S AMAZON YARD,LA - TRAPAC",LA - DAMCO (SANTA FE SPR),12/18/24 1:48,1/25/25 21:19,932,LA - ITS PIER G,LA - TRAPAC,1680,"MT,TY,TY,DC,TY,TY,TY,MT",13095,3
AIMZ844387,LAXAIM,LAXAIM,1/27/25 19:55,2/10/25 17:36,,RELY,RELY,ABCD,ABCD,1408029,24376213,"LA - TRAPAC,LA - PIER S AMAZON YARD,LA - PIER S MAIN YARD,LA - PIER S AMAZON YARD,LA - RIDGE SAN BERNARDINO ONE,LA - AMAZON (GLENN HALEN OSY),LA - RIDGE SAN BERNARDINO ONE,LA - AMAZON (GLENN HALEN OSY),LA - PIER S AMAZON YARD,LA - PIER S MAIN YARD,LA - TRAPAC",LA - RIDGE SAN BERNARDINO ONE,1/28/25 7:54,2/11/25 0:06,328,LA - TRAPAC,LA - TRAPAC,334,"MT,TY,TY,TY,DC,TY,DC,TY,TY,TY,MT",8495,1
AIMZ844687,LAXCSN,LAXAIM,1/16/25 21:31,2/11/25 17:24,,RELY,RELY,ABCD,ABCD,1399598,24091099,"LA - APMT:P400,LA - PIER S AMAZON YARD,LA - PIER S MAIN YARD,LA - DCM FLEET (MILLERGROVE SFS),LA - DAMCO (SANTA FE SPR),LA - DCM FLEET (MILLERGROVE SFS),LA - PIER S MAIN YARD,LA - PIER S AMAZON YARD,LA - PIER S MAIN YARD,LA - PIER S AMAZON YARD,LA - WBCT",LA - DAMCO (SANTA FE SPR),1/17/25 6:26,1/24/25 20:04,182,LA - APMT:P400,LA - WBCT,620,"MT,TY,TY,TY,DC,TY,TY,TY,TY,TY,MT",8983,1
AIMZ844735,LAXAIM,LAXCSN,1/30/25 14:17,2/10/25 21:50,,ESLU,ESLU,ABCD,ABCD,1411668,24452061,"LA - SSA PIER J,LA - PIER S AMAZON YARD,LA - PIER S MAIN YARD,LA - PIER S AMAZON YARD,LA - PIER S MAIN YARD,LA - RIDGE SAN BERNARDINO ONE,LA - AMAZON (GLENN HALEN OSY),LA - RIDGE SAN BERNARDINO ONE,LA - AMAZON (GLENN HALEN OSY),LA - UNIVERSAL WHSE,LA - GGS",LA - RIDGE SAN BERNARDINO ONE,1/30/25 23:29,2/11/25 5:14,270,LA - SSA PIER J,LA - GGS,272,"MT,TY,TY,TY,TY,DC,TY,DC,TY,DC,MT",8397,1
AIMZ844861,LAXCSN,LAXCSN,1/27/25 19:16,2/10/25 17:02,,RELY,RELY,ABCD,ABCD,1408006,24404642,"LA - WBCT,LA - PIER S MAIN YARD,LA - PIER S AMAZON YARD,LA - AMAZON (ONT6),LA - PIER S MAIN YARD,LA - TRAPAC",LA - AMAZON (ONT6),1/28/25 8:05,2/10/25 23:39,328,LA - WBCT,LA - TRAPAC,334,"MT,TY,TY,DC,TY,MT",8495,1
AIMZ844908,LAXAIM,LAXAIM,2/3/25 15:53,2/10/25 16:16,,ESLU,ESLU,ABCD,ABCD,1414568,24498210,"LA - HANJIN TTI,LA - PIER S AMAZON YARD,LA - PIER S MAIN YARD,LA - PIER S AMAZON YARD,LA - PIER S MAIN YARD,LA - AMAZON IUSP (HESPERIA),LA - PIER S AMAZON YARD,LA - PIER S MAIN YARD,LA - PIER S AMAZON YARD,LA - HANJIN TTI",LA - AMAZON IUSP (HESPERIA),2/4/25 1:02,2/10/25 23:11,166,LA - HANJIN TTI,LA - HANJIN TTI,168,"MT,TY,TY,TY,TY,DC,TY,TY,TY,MT",7921,1
AIMZ845394,LAXAIM,LAXAIM,1/21/25 15:37,2/11/25 18:17,,RELY,RELY,ABCD,ABCD,1402809,24263213,"LA - HANJIN TTI,LA - PIER S AMAZON YARD,LA - PIER S MAIN YARD,LA - AMAZON IUSP (HESPERIA),LA - PIER S MAIN YARD,LA - HANJIN TTI",LA - AMAZON IUSP (HESPERIA),1/22/25 1:46,2/1/25 1:33,240,LA - HANJIN TTI,LA - HANJIN TTI,507,"MT,TY,TY,DC,TY,MT",8287,1
AIMZ846658,LAXAIM,LAXCSN,1/27/25 19:40,2/10/25 15:40,,RELY,RELY,ABCD,ABCD,1408017,24588121,"LA - TRAPAC,LA - HARBOR DIVISION (LONG BEACH),LA - FLEXIVAN SVC CTR",LA - HARBOR DIVISION (LONG BEACH),2/10/25 23:27,2/10/25 23:40,0,LA - TRAPAC,LA - FLEXIVAN SVC CTR,332,"MT,TY,DP",8495,2
AIMZ846658,LAXAIM,LAXCSN,1/27/25 19:40,2/10/25 15:40,,RELY,RELY,ABCD,ABCD,1408017,24376399,"LA - ITS PIER G,LA - PIER S AMAZON YARD,LA - PIER S MAIN YARD,LA - PIER S AMAZON YARD,LA - DCM FLEET (MILLERGROVE SFS),LA - DAMCO (SANTA FE SPR),LA - PIER S MAIN YARD,LA - APMT:P400",LA - DAMCO (SANTA FE SPR),1/28/25 5:37,2/10/25 22:00,328,LA - ITS PIER G,LA - APMT:P400,332,"MT,TY,TY,TY,TY,DC,TY,MT",8495,2
AIMZ847149,LAXCSN,LAXAIM,1/30/25 19:18,2/10/25 19:35,,ESLU,ESLU,ABCD,ABCD,1411851,24452294,"LA - SSA PIER J,LA - PIER S AMAZON YARD,LA - PIER S MAIN YARD,LA - PIER S AMAZON YARD,LA - PIER S MAIN YARD,LA - PIER S AMAZON YARD,CA - AMAZON WH KRB7 (BEAUMONT),LA - PIER S AMAZON YARD,LA - GGS",CA - AMAZON WH KRB7 (BEAUMONT),1/31/25 4:24,2/11/25 3:09,263,LA - SSA PIER J,LA - GGS,264,"MT,TY,TY,TY,TY,TY,DC,TY,MT",8397,1
AIMZ850158,LAXCSN,LAXCSN,10/16/24 17:20,2/11/25 14:54,,RDDH,RDDH,ABCD,ABCD,1334877,21257846,"LA - SSA PIER J,LA - TAYLORED TY (WTN),LA - DCM FLEET (MILLERGROVE SFS),LA - DAMCO (SANTA FE SPR),LA - DCM FLEET (MILLERGROVE SFS),LA - APMT:P400",LA - DAMCO (SANTA FE SPR),10/17/24 2:32,10/31/24 5:40,339,LA - SSA PIER J,LA - APMT:P400,2830,"MT,TY,TY,DC,TY,MT",12064,5
AIMZ850158,LAXCSN,LAXCSN,10/16/24 17:20,2/11/25 14:54,,RDDH,RDDH,ABCD,ABCD,1334877,22326149,"LA - APMT:P400,LA - DCM FLEET (MILLERGROVE SFS),LA - DAMCO (SANTA FE SPR),LA - DCM FLEET (MILLERGROVE SFS),LA - PIER S MAIN YARD,LA - APMT:P400",LA - DAMCO (SANTA FE SPR),10/31/24 6:29,1/3/25 15:58,1545,LA - APMT:P400,LA - APMT:P400,2830,"MT,TY,DC,TY,TY,MT",12064,5
AIMZ850158,LAXCSN,LAXCSN,10/16/24 17:20,2/11/25 14:54,,RDDH,RDDH,ABCD,ABCD,1334877,24263365,"LA - APMT:P400,LA - HARBOR FREIGHT (MV - CACTUS AVE),LA - HARBOR FREIGHT (MV - NANDINA AVE),LA - S MAPLE TRUCK YARD (GARDENA),LA - SSA PIER J",LA - HARBOR FREIGHT (MV - CACTUS AVE),1/21/25 9:44,2/4/25 18:59,345,LA - APMT:P400,LA - SSA PIER J,2830,"MT,DC,DC,TY,MT",12064,5
AIMZ850158,LAXCSN,LAXCSN,10/16/24 17:20,2/11/25 14:54,,RDDH,RDDH,ABCD,ABCD,1334877,23728069,"LA - APMT:P400,LA - DCM FLEET (MILLERGROVE SFS),LA - DAMCO (SANTA FE SPR),LA - DCM FLEET (MILLERGROVE SFS),LA - ADVANCED ALARM & FIRE (SANTA FE SPRINGS),LA - S MAPLE TRUCK YARD (GARDENA),LA - CALIFORNIA SUPPLY (GARDENA),LA - APMT:P400",LA - DAMCO (SANTA FE SPR),1/3/25 18:09,1/14/25 2:27,248,LA - APMT:P400,LA - APMT:P400,2830,"MT,TY,DC,TY,DC,TY,DC,MT",12064,5
AIMZ850158,LAXCSN,LAXCSN,10/16/24 17:20,2/11/25 14:54,,RDDH,RDDH,ABCD,ABCD,1334877,23967467,"LA - APMT:P400,LA - HARBOR FREIGHT (MV - CACTUS AVE),LA - APMT:P400",LA - HARBOR FREIGHT (MV - CACTUS AVE),1/14/25 3:02,1/21/25 8:31,173,LA - APMT:P400,LA - APMT:P400,2830,"MT,DC,MT",12064,5
AIMZ851199,LAXCSN,LAXAIM,1/14/25 12:26,2/10/25 17:22,,RDDH,RDDH,ABCD,ABCD,1397053,24263540,"LA - EVERGREEN,LA - PIER S MAIN YARD,LA - AMAZON (ONT6),LA - AMAZON PCA2 (PERRIS),LA - PIER S MAIN YARD,LA - GGS",LA - AMAZON (ONT6),1/21/25 23:21,2/10/25 23:17,480,LA - EVERGREEN,LA - GGS,653,"MT,TY,DC,DC,TY,MT",8989,2
AIMZ851199,LAXCSN,LAXAIM,1/14/25 12:26,2/10/25 17:22,,RDDH,RDDH,ABCD,ABCD,1397053,24009345,"LA - EVERGREEN,LA - PIER S AMAZON YARD,LA - PIER S MAIN YARD,LA - AMAZON (GLENN HALEN OSY),LA - RIDGE SAN BERNARDINO ONE,LA - PIER S AMAZON YARD,LA - PIER S MAIN YARD,LA - EVERGREEN",LA - RIDGE SAN BERNARDINO ONE,1/14/25 22:08,1/21/25 22:01,168,LA - EVERGREEN,LA - EVERGREEN,653,"MT,TY,TY,TY,DC,TY,TY,MT",8989,2